Date,Time,ts,ms,height_m,temp_C
2/22/22,5:50:30 PM,1645581030,0,0.8262,14.866
2/22/22,5:55:30 PM,1645581330,0,0.8245,17.569
2/22/22,6:00:30 PM,1645581630,0,0.8229,16.984
2/22/22,6:05:30 PM,1645581930,0,0.8236,16.564
2/22/22,6:10:30 PM,1645582230,0,0.8247,15.995
2/22/22,6:15:30 PM,1645582530,0,0.8267,14.877
2/22/22,6:20:30 PM,1645582830,0,0.8287,13.316
2/22/22,6:25:30 PM,1645583130,0,0.8289,10.266
2/22/22,6:30:30 PM,1645583430,0,0.8283,8.989
2/22/22,6:35:30 PM,1645583730,0,0.8289,8.775
2/22/22,6:40:30 PM,1645584030,0,0.9776,10.297
2/22/22,6:45:30 PM,1645584330,0,0.9748,10.74
2/22/22,6:50:30 PM,1645584630,0,0.9717,10.872
2/22/22,6:55:30 PM,1645584930,0,0.9685,10.93
2/22/22,7:00:30 PM,1645585230,0,0.9655,10.963
2/22/22,7:05:30 PM,1645585530,0,0.9629,10.984
2/22/22,7:10:30 PM,1645585830,0,0.9597,10.999
2/22/22,7:15:30 PM,1645586130,0,0.9563,11.01
2/22/22,7:20:30 PM,1645586430,0,0.954,11.018
2/22/22,7:25:30 PM,1645586730,0,0.952,11.028
2/22/22,7:30:30 PM,1645587030,0,0.9495,11.034
2/22/22,7:35:30 PM,1645587330,0,0.9471,11.04
2/22/22,7:40:30 PM,1645587630,0,0.9429,11.044
2/22/22,7:45:30 PM,1645587930,0,0.9403,11.048
2/22/22,7:50:30 PM,1645588230,0,0.9398,11.051
2/22/22,7:55:30 PM,1645588530,0,0.9397,11.056
2/22/22,8:00:30 PM,1645588830,0,0.9389,11.059
2/22/22,8:05:30 PM,1645589130,0,0.938,11.06
2/22/22,8:10:30 PM,1645589430,0,0.9367,11.062
2/22/22,8:15:30 PM,1645589730,0,0.9357,11.065
2/22/22,8:20:30 PM,1645590030,0,0.9342,11.065
2/22/22,8:25:30 PM,1645590330,0,0.9331,11.066
2/22/22,8:30:30 PM,1645590630,0,0.9323,11.068
2/22/22,8:35:30 PM,1645590930,0,0.9313,11.068
2/22/22,8:40:30 PM,1645591230,0,0.9301,11.069
2/22/22,8:45:30 PM,1645591530,0,0.9285,11.068
2/22/22,8:50:30 PM,1645591830,0,0.9268,11.07
2/22/22,8:55:30 PM,1645592130,0,0.9264,11.07
2/22/22,9:00:30 PM,1645592430,0,0.9257,11.071
2/22/22,9:05:30 PM,1645592730,0,0.925,11.073
2/22/22,9:10:30 PM,1645593030,0,0.9245,11.072
2/22/22,9:15:30 PM,1645593330,0,0.9232,11.072
2/22/22,9:20:30 PM,1645593630,0,0.9222,11.072
2/22/22,9:25:30 PM,1645593930,0,0.9218,11.073
2/22/22,9:30:30 PM,1645594230,0,0.9214,11.072
2/22/22,9:35:30 PM,1645594530,0,0.9206,11.072
2/22/22,9:40:30 PM,1645594830,0,0.9199,11.073
2/22/22,9:45:30 PM,1645595130,0,0.9199,11.073
2/22/22,9:50:30 PM,1645595430,0,0.9192,11.073
2/22/22,9:55:30 PM,1645595730,0,0.9184,11.073
2/22/22,10:00:30 PM,1645596030,0,0.9179,11.073
2/22/22,10:05:30 PM,1645596330,0,0.9171,11.073
2/22/22,10:10:30 PM,1645596630,0,0.9184,11.072
2/22/22,10:15:30 PM,1645596930,0,0.9171,11.073
2/22/22,10:20:30 PM,1645597230,0,0.917,11.073
2/22/22,10:25:30 PM,1645597530,0,0.9171,11.073
2/22/22,10:30:30 PM,1645597830,0,0.9186,11.073
2/22/22,10:35:30 PM,1645598130,0,0.9213,11.073
2/22/22,10:40:30 PM,1645598430,0,0.9234,11.072
2/22/22,10:45:30 PM,1645598730,0,0.9251,11.073
2/22/22,10:50:30 PM,1645599030,0,0.9268,11.071
2/22/22,10:55:30 PM,1645599330,0,0.9297,11.072
2/22/22,11:00:30 PM,1645599630,0,0.934,11.072
2/22/22,11:05:30 PM,1645599930,0,0.9389,11.072
2/22/22,11:10:30 PM,1645600230,0,0.9446,11.072
2/22/22,11:15:30 PM,1645600530,0,0.9488,11.073
2/22/22,11:20:30 PM,1645600830,0,0.9538,11.072
2/22/22,11:25:30 PM,1645601130,0,0.9599,11.072
2/22/22,11:30:30 PM,1645601430,0,0.9638,11.072
2/22/22,11:35:30 PM,1645601730,0,0.97,11.072
2/22/22,11:40:30 PM,1645602030,0,0.9762,11.071
2/22/22,11:45:30 PM,1645602330,0,0.9846,11.072
2/22/22,11:50:30 PM,1645602630,0,0.9919,11.071
2/22/22,11:55:30 PM,1645602930,0,0.9985,11.07
2/23/22,12:00:30 AM,1645603230,0,1.0049,11.07
2/23/22,12:05:30 AM,1645603530,0,1.0112,11.071
2/23/22,12:10:30 AM,1645603830,0,1.0176,11.071
2/23/22,12:15:30 AM,1645604130,0,1.0236,11.07
2/23/22,12:20:30 AM,1645604430,0,1.0309,11.07
2/23/22,12:25:30 AM,1645604730,0,1.0371,11.071
2/23/22,12:30:30 AM,1645605030,0,1.0442,11.07
2/23/22,12:35:30 AM,1645605330,0,1.0524,11.069
2/23/22,12:40:30 AM,1645605630,0,1.0602,11.069
2/23/22,12:45:30 AM,1645605930,0,1.0677,11.071
2/23/22,12:50:30 AM,1645606230,0,1.0745,11.069
2/23/22,12:55:30 AM,1645606530,0,1.0824,11.069
2/23/22,1:00:30 AM,1645606830,0,1.0908,11.068
2/23/22,1:05:30 AM,1645607130,0,1.0985,11.069
2/23/22,1:10:30 AM,1645607430,0,1.1058,11.067
2/23/22,1:15:30 AM,1645607730,0,1.1147,11.067
2/23/22,1:20:30 AM,1645608030,0,1.1246,11.066
2/23/22,1:25:30 AM,1645608330,0,1.1334,11.067
2/23/22,1:30:30 AM,1645608630,0,1.1432,11.067
2/23/22,1:35:30 AM,1645608930,0,1.1521,11.067
2/23/22,1:40:30 AM,1645609230,0,1.1617,11.067
2/23/22,1:45:30 AM,1645609530,0,1.1713,11.067
2/23/22,1:50:30 AM,1645609830,0,1.1823,11.068
2/23/22,1:55:30 AM,1645610130,0,1.1924,11.067
2/23/22,2:00:30 AM,1645610430,0,1.2027,11.067
2/23/22,2:05:30 AM,1645610730,0,1.2112,11.067
2/23/22,2:10:30 AM,1645611030,0,1.2206,11.066
2/23/22,2:15:30 AM,1645611330,0,1.2306,11.066
2/23/22,2:20:30 AM,1645611630,0,1.2411,11.066
2/23/22,2:25:30 AM,1645611930,0,1.2523,11.066
2/23/22,2:30:30 AM,1645612230,0,1.2617,11.066
2/23/22,2:35:30 AM,1645612530,0,1.2712,11.067
2/23/22,2:40:30 AM,1645612830,0,1.2838,11.068
2/23/22,2:45:30 AM,1645613130,0,1.2925,11.065
2/23/22,2:50:30 AM,1645613430,0,1.3036,11.067
2/23/22,2:55:30 AM,1645613730,0,1.3123,11.066
2/23/22,3:00:30 AM,1645614030,0,1.3225,11.065
2/23/22,3:05:30 AM,1645614330,0,1.3317,11.065
2/23/22,3:10:30 AM,1645614630,0,1.3431,11.066
2/23/22,3:15:30 AM,1645614930,0,1.3506,11.065
2/23/22,3:20:30 AM,1645615230,0,1.3577,11.065
2/23/22,3:25:30 AM,1645615530,0,1.3662,11.064
2/23/22,3:30:30 AM,1645615830,0,1.3726,11.064
2/23/22,3:35:30 AM,1645616130,0,1.3797,11.065
2/23/22,3:40:30 AM,1645616430,0,1.3883,11.064
2/23/22,3:45:30 AM,1645616730,0,1.3946,11.063
2/23/22,3:50:30 AM,1645617030,0,1.4011,11.063
2/23/22,3:55:30 AM,1645617330,0,1.4049,11.062
2/23/22,4:00:30 AM,1645617630,0,1.4126,11.062
2/23/22,4:05:30 AM,1645617930,0,1.4181,11.062
2/23/22,4:10:30 AM,1645618230,0,1.4224,11.062
2/23/22,4:15:30 AM,1645618530,0,1.4269,11.062
2/23/22,4:20:30 AM,1645618830,0,1.4308,11.061
2/23/22,4:25:30 AM,1645619130,0,1.4335,11.061
2/23/22,4:30:30 AM,1645619430,0,1.4372,11.06
2/23/22,4:35:30 AM,1645619730,0,1.4369,11.061
2/23/22,4:40:30 AM,1645620030,0,1.4385,11.061
2/23/22,4:45:30 AM,1645620330,0,1.4398,11.061
2/23/22,4:50:30 AM,1645620630,0,1.4389,11.06
2/23/22,4:55:30 AM,1645620930,0,1.4397,11.061
2/23/22,5:00:30 AM,1645621230,0,1.4398,11.061
2/23/22,5:05:30 AM,1645621530,0,1.4371,11.061
2/23/22,5:10:30 AM,1645621830,0,1.4364,11.061
2/23/22,5:15:30 AM,1645622130,0,1.434,11.06
2/23/22,5:20:30 AM,1645622430,0,1.4301,11.061
2/23/22,5:25:30 AM,1645622730,0,1.4274,11.062
2/23/22,5:30:30 AM,1645623030,0,1.424,11.061
2/23/22,5:35:30 AM,1645623330,0,1.4195,11.063
2/23/22,5:40:30 AM,1645623630,0,1.4132,11.061
2/23/22,5:45:30 AM,1645623930,0,1.4066,11.063
2/23/22,5:50:30 AM,1645624230,0,1.4004,11.063
2/23/22,5:55:30 AM,1645624530,0,1.392,11.064
2/23/22,6:00:30 AM,1645624830,0,1.385,11.064
2/23/22,6:05:30 AM,1645625130,0,1.3779,11.064
2/23/22,6:10:30 AM,1645625430,0,1.3721,11.063
2/23/22,6:15:30 AM,1645625730,0,1.364,11.064
2/23/22,6:20:30 AM,1645626030,0,1.3567,11.064
2/23/22,6:25:30 AM,1645626330,0,1.3488,11.064
2/23/22,6:30:30 AM,1645626630,0,1.3421,11.063
2/23/22,6:35:30 AM,1645626930,0,1.3355,11.062
2/23/22,6:40:30 AM,1645627230,0,1.3278,11.061
2/23/22,6:45:30 AM,1645627530,0,1.3227,11.061
2/23/22,6:50:30 AM,1645627830,0,1.3158,11.059
2/23/22,6:55:30 AM,1645628130,0,1.3101,11.059
2/23/22,7:00:30 AM,1645628430,0,1.3051,11.058
2/23/22,7:05:30 AM,1645628730,0,1.2993,11.057
2/23/22,7:10:30 AM,1645629030,0,1.2937,11.055
2/23/22,7:15:30 AM,1645629330,0,1.29,11.053
2/23/22,7:20:30 AM,1645629630,0,1.2856,11.051
2/23/22,7:25:30 AM,1645629930,0,1.2809,11.051
2/23/22,7:30:30 AM,1645630230,0,1.2763,11.049
2/23/22,7:35:30 AM,1645630530,0,1.2713,11.048
2/23/22,7:40:30 AM,1645630830,0,1.2667,11.047
2/23/22,7:45:30 AM,1645631130,0,1.2628,11.045
2/23/22,7:50:30 AM,1645631430,0,1.2583,11.045
2/23/22,7:55:30 AM,1645631730,0,1.254,11.044
2/23/22,8:00:30 AM,1645632030,0,1.2498,11.044
2/23/22,8:05:30 AM,1645632330,0,1.2457,11.044
2/23/22,8:10:30 AM,1645632630,0,1.2413,11.042
2/23/22,8:15:30 AM,1645632930,0,1.2368,11.042
2/23/22,8:20:30 AM,1645633230,0,1.2331,11.042
2/23/22,8:25:30 AM,1645633530,0,1.2288,11.041
2/23/22,8:30:30 AM,1645633830,0,1.2251,11.04
2/23/22,8:35:30 AM,1645634130,0,1.2207,11.04
2/23/22,8:40:30 AM,1645634430,0,1.2162,11.039
2/23/22,8:45:30 AM,1645634730,0,1.2116,11.039
2/23/22,8:50:30 AM,1645635030,0,1.2068,11.039
2/23/22,8:55:30 AM,1645635330,0,1.2028,11.038
2/23/22,9:00:30 AM,1645635630,0,1.1989,11.039
2/23/22,9:05:30 AM,1645635930,0,1.1935,11.039
2/23/22,9:10:30 AM,1645636230,0,1.1901,11.039
2/23/22,9:15:30 AM,1645636530,0,1.186,11.039
2/23/22,9:20:30 AM,1645636830,0,1.1827,11.04
2/23/22,9:25:30 AM,1645637130,0,1.1779,11.04
2/23/22,9:30:30 AM,1645637430,0,1.1744,11.04
2/23/22,9:35:30 AM,1645637730,0,1.1709,11.04
2/23/22,9:40:30 AM,1645638030,0,1.1673,11.041
2/23/22,9:45:30 AM,1645638330,0,1.1628,11.042
2/23/22,9:50:30 AM,1645638630,0,1.1589,11.043
2/23/22,9:55:30 AM,1645638930,0,1.1537,11.043
2/23/22,10:00:30 AM,1645639230,0,1.1497,11.043
2/23/22,10:05:30 AM,1645639530,0,1.1455,11.043
2/23/22,10:10:30 AM,1645639830,0,1.1421,11.044
2/23/22,10:15:30 AM,1645640130,0,1.1378,11.044
2/23/22,10:20:30 AM,1645640430,0,1.1343,11.045
2/23/22,10:25:30 AM,1645640730,0,1.1306,11.045
2/23/22,10:30:30 AM,1645641030,0,1.1265,11.045
2/23/22,10:35:30 AM,1645641330,0,1.1226,11.046
2/23/22,10:40:30 AM,1645641630,0,1.1186,11.046
2/23/22,10:45:30 AM,1645641930,0,1.1145,11.046
2/23/22,10:50:30 AM,1645642230,0,1.1107,11.046
2/23/22,10:55:30 AM,1645642530,0,1.108,11.046
2/23/22,11:00:30 AM,1645642830,0,1.1038,11.047
2/23/22,11:05:30 AM,1645643130,0,1.1015,11.047
2/23/22,11:10:30 AM,1645643430,0,1.0978,11.047
2/23/22,11:15:30 AM,1645643730,0,1.095,11.047
2/23/22,11:20:30 AM,1645644030,0,1.0911,11.048
2/23/22,11:25:30 AM,1645644330,0,1.0874,11.048
2/23/22,11:30:30 AM,1645644630,0,1.0838,11.048
2/23/22,11:35:30 AM,1645644930,0,1.0765,11.049
2/23/22,11:40:30 AM,1645645230,0,1.0736,11.049
2/23/22,11:45:30 AM,1645645530,0,1.0709,11.049
2/23/22,11:50:30 AM,1645645830,0,1.0674,11.049
2/23/22,11:55:30 AM,1645646130,0,1.0645,11.05
2/23/22,12:00:30 PM,1645646430,0,1.0623,11.05
2/23/22,12:05:30 PM,1645646730,0,1.0595,11.049
2/23/22,12:10:30 PM,1645647030,0,1.0559,11.05
2/23/22,12:15:30 PM,1645647330,0,1.0518,11.05
2/23/22,12:20:30 PM,1645647630,0,1.0487,11.05
2/23/22,12:25:30 PM,1645647930,0,1.0458,11.05
2/23/22,12:30:30 PM,1645648230,0,1.0428,11.05
2/23/22,12:35:30 PM,1645648530,0,1.0398,11.05
2/23/22,12:40:30 PM,1645648830,0,1.0366,11.05
2/23/22,12:45:30 PM,1645649130,0,1.0338,11.05
2/23/22,12:50:30 PM,1645649430,0,1.0309,11.05
2/23/22,12:55:30 PM,1645649730,0,1.0292,11.05
2/23/22,1:00:30 PM,1645650030,0,1.0268,11.051
2/23/22,1:05:30 PM,1645650330,0,1.0247,11.051
2/23/22,1:10:30 PM,1645650630,0,1.0229,11.051
2/23/22,1:15:30 PM,1645650930,0,1.0211,11.051
2/23/22,1:20:30 PM,1645651230,0,1.0194,11.051
2/23/22,1:25:30 PM,1645651530,0,1.0175,11.05
2/23/22,1:30:30 PM,1645651830,0,1.0154,11.051
2/23/22,1:35:30 PM,1645652130,0,1.0134,11.05
2/23/22,1:40:30 PM,1645652430,0,1.0117,11.051
2/23/22,1:45:30 PM,1645652730,0,1.0106,11.05
2/23/22,1:50:30 PM,1645653030,0,1.009,11.051
2/23/22,1:55:30 PM,1645653330,0,1.0077,11.05
2/23/22,2:00:30 PM,1645653630,0,1.007,11.051
2/23/22,2:05:30 PM,1645653930,0,1.0017,11.05
2/23/22,2:10:30 PM,1645654230,0,1.0012,11.051
2/23/22,2:15:30 PM,1645654530,0,1.001,11.051
2/23/22,2:20:30 PM,1645654830,0,0.9997,11.05
2/23/22,2:25:30 PM,1645655130,0,0.9984,11.051
2/23/22,2:30:30 PM,1645655430,0,0.9984,11.051
2/23/22,2:35:30 PM,1645655730,0,0.9978,11.05
2/23/22,2:40:30 PM,1645656030,0,0.9977,11.05
2/23/22,2:45:30 PM,1645656330,0,0.9975,11.051
2/23/22,2:50:30 PM,1645656630,0,1,11.05
2/23/22,2:55:30 PM,1645656930,0,1.0001,11.051
2/23/22,3:00:30 PM,1645657230,0,1.0029,11.05
2/23/22,3:05:30 PM,1645657530,0,1.005,11.051
2/23/22,3:10:30 PM,1645657830,0,1.0059,11.051
2/23/22,3:15:30 PM,1645658130,0,1.0098,11.05
2/23/22,3:20:30 PM,1645658430,0,1.0136,11.05
2/23/22,3:25:30 PM,1645658730,0,1.016,11.05
2/23/22,3:30:30 PM,1645659030,0,1.0189,11.05
2/23/22,3:35:30 PM,1645659330,0,1.0212,11.051
2/23/22,3:40:30 PM,1645659630,0,1.0228,11.051
2/23/22,3:45:30 PM,1645659930,0,1.0261,11.051
2/23/22,3:50:30 PM,1645660230,0,1.0285,11.05
2/23/22,3:55:30 PM,1645660530,0,1.033,11.05
2/23/22,4:00:30 PM,1645660830,0,1.0356,11.051
2/23/22,4:05:30 PM,1645661130,0,1.0378,11.051
2/23/22,4:10:30 PM,1645661430,0,1.0412,11.051
2/23/22,4:15:30 PM,1645661730,0,1.0429,11.051
2/23/22,4:20:30 PM,1645662030,0,1.0453,11.051
2/23/22,4:25:30 PM,1645662330,0,1.0473,11.051
2/23/22,4:30:30 PM,1645662630,0,1.0506,11.051
2/23/22,4:35:30 PM,1645662930,0,1.0534,11.051
2/23/22,4:40:30 PM,1645663230,0,1.0565,11.051
2/23/22,4:45:30 PM,1645663530,0,1.0592,11.051
2/23/22,4:50:30 PM,1645663830,0,1.0622,11.051
2/23/22,4:55:30 PM,1645664130,0,1.0649,11.051
2/23/22,5:00:30 PM,1645664430,0,1.067,11.051
2/23/22,5:05:30 PM,1645664730,0,1.0697,11.051
2/23/22,5:10:30 PM,1645665030,0,1.0716,11.052
2/23/22,5:15:30 PM,1645665330,0,1.0743,11.052
2/23/22,5:20:30 PM,1645665630,0,1.0778,11.051
2/23/22,5:25:30 PM,1645665930,0,1.0819,11.051
2/23/22,5:30:30 PM,1645666230,0,1.0817,11.052
2/23/22,5:35:30 PM,1645666530,0,1.0833,11.052
2/23/22,5:40:30 PM,1645666830,0,1.0871,11.051
2/23/22,5:45:30 PM,1645667130,0,1.0893,11.051
2/23/22,5:50:30 PM,1645667430,0,1.0898,11.051
2/23/22,5:55:30 PM,1645667730,0,1.0908,11.052
2/23/22,6:00:30 PM,1645668030,0,1.0911,11.052
2/23/22,6:05:30 PM,1645668330,0,1.0908,11.052
2/23/22,6:10:30 PM,1645668630,0,1.0918,11.053
2/23/22,6:15:30 PM,1645668930,0,1.093,11.052
2/23/22,6:20:30 PM,1645669230,0,1.0923,11.052
2/23/22,6:25:30 PM,1645669530,0,1.0917,11.053
2/23/22,6:30:30 PM,1645669830,0,1.0913,11.053
2/23/22,6:35:30 PM,1645670130,0,1.0918,11.053
2/23/22,6:40:30 PM,1645670430,0,1.0923,11.053
2/23/22,6:45:30 PM,1645670730,0,1.091,11.053
2/23/22,6:50:30 PM,1645671030,0,1.0911,11.052
2/23/22,6:55:30 PM,1645671330,0,1.09,11.053
2/23/22,7:00:30 PM,1645671630,0,1.0888,11.052
2/23/22,7:05:30 PM,1645671930,0,1.0881,11.053
2/23/22,7:10:30 PM,1645672230,0,1.0875,11.052
2/23/22,7:15:30 PM,1645672530,0,1.0851,11.052
2/23/22,7:20:30 PM,1645672830,0,1.0831,11.052
2/23/22,7:25:30 PM,1645673130,0,1.0801,11.052
2/23/22,7:30:30 PM,1645673430,0,1.0774,11.052
2/23/22,7:35:30 PM,1645673730,0,1.0746,11.052
2/23/22,7:40:30 PM,1645674030,0,1.0721,11.051
2/23/22,7:45:30 PM,1645674330,0,1.0691,11.051
2/23/22,7:50:30 PM,1645674630,0,1.0659,11.051
2/23/22,7:55:30 PM,1645674930,0,1.0634,11.051
2/23/22,8:00:30 PM,1645675230,0,1.0599,11.051
2/23/22,8:05:30 PM,1645675530,0,1.0569,11.05
2/23/22,8:10:30 PM,1645675830,0,1.0541,11.049
2/23/22,8:15:30 PM,1645676130,0,1.0522,11.049
2/23/22,8:20:30 PM,1645676430,0,1.0513,11.049
2/23/22,8:25:30 PM,1645676730,0,1.0486,11.049
2/23/22,8:30:30 PM,1645677030,0,1.0462,11.049
2/23/22,8:35:30 PM,1645677330,0,1.0437,11.048
2/23/22,8:40:30 PM,1645677630,0,1.0415,11.048
2/23/22,8:45:30 PM,1645677930,0,1.0398,11.048
2/23/22,8:50:30 PM,1645678230,0,1.0376,11.049
2/23/22,8:55:30 PM,1645678530,0,1.0357,11.048
2/23/22,9:00:30 PM,1645678830,0,1.0339,11.049
2/23/22,9:05:30 PM,1645679130,0,1.0322,11.048
2/23/22,9:10:30 PM,1645679430,0,1.0322,11.048
2/23/22,9:15:30 PM,1645679730,0,1.033,11.049
2/23/22,9:20:30 PM,1645680030,0,1.0324,11.049
2/23/22,9:25:30 PM,1645680330,0,1.0317,11.049
2/23/22,9:30:30 PM,1645680630,0,1.0309,11.049
2/23/22,9:35:30 PM,1645680930,0,1.0303,11.049
2/23/22,9:40:30 PM,1645681230,0,1.0293,11.049
2/23/22,9:45:30 PM,1645681530,0,1.0287,11.05
2/23/22,9:50:30 PM,1645681830,0,1.0284,11.05
2/23/22,9:55:30 PM,1645682130,0,1.0281,11.05
2/23/22,10:00:30 PM,1645682430,0,1.0269,11.05
2/23/22,10:05:30 PM,1645682730,0,1.025,11.05
2/23/22,10:10:30 PM,1645683030,0,1.0241,11.05
2/23/22,10:15:30 PM,1645683330,0,1.0242,11.05
2/23/22,10:20:30 PM,1645683630,0,1.0233,11.05
2/23/22,10:25:30 PM,1645683930,0,1.0225,11.05
2/23/22,10:30:30 PM,1645684230,0,1.0214,11.05
2/23/22,10:35:30 PM,1645684530,0,1.0212,11.05
2/23/22,10:40:30 PM,1645684830,0,1.0219,11.051
2/23/22,10:45:30 PM,1645685130,0,1.0219,11.05
2/23/22,10:50:30 PM,1645685430,0,1.0222,11.05
2/23/22,10:55:30 PM,1645685730,0,1.0218,11.051
2/23/22,11:00:30 PM,1645686030,0,1.0216,11.051
2/23/22,11:05:30 PM,1645686330,0,1.0219,11.051
2/23/22,11:10:30 PM,1645686630,0,1.0229,11.051
2/23/22,11:15:30 PM,1645686930,0,1.0228,11.052
2/23/22,11:20:30 PM,1645687230,0,1.0271,11.052
2/23/22,11:25:30 PM,1645687530,0,1.0293,11.053
2/23/22,11:30:30 PM,1645687830,0,1.0323,11.054
2/23/22,11:35:30 PM,1645688130,0,1.0349,11.054
2/23/22,11:40:30 PM,1645688430,0,1.036,11.054
2/23/22,11:45:30 PM,1645688730,0,1.0375,11.053
2/23/22,11:50:30 PM,1645689030,0,1.0411,11.054
2/23/22,11:55:30 PM,1645689330,0,1.044,11.053
2/24/22,12:00:30 AM,1645689630,0,1.0469,11.054
2/24/22,12:05:30 AM,1645689930,0,1.0505,11.053
2/24/22,12:10:30 AM,1645690230,0,1.0545,11.053
2/24/22,12:15:30 AM,1645690530,0,1.06,11.052
2/24/22,12:20:30 AM,1645690830,0,1.0654,11.052
2/24/22,12:25:30 AM,1645691130,0,1.0688,11.052
2/24/22,12:30:30 AM,1645691430,0,1.0735,11.052
2/24/22,12:35:30 AM,1645691730,0,1.0785,11.052
2/24/22,12:40:30 AM,1645692030,0,1.0844,11.052
2/24/22,12:45:30 AM,1645692330,0,1.0914,11.051
2/24/22,12:50:30 AM,1645692630,0,1.0984,11.051
2/24/22,12:55:30 AM,1645692930,0,1.105,11.052
2/24/22,1:00:30 AM,1645693230,0,1.1115,11.052
2/24/22,1:05:30 AM,1645693530,0,1.1197,11.052
2/24/22,1:10:30 AM,1645693830,0,1.1268,11.053
2/24/22,1:15:30 AM,1645694130,0,1.134,11.053
2/24/22,1:20:30 AM,1645694430,0,1.1421,11.053
2/24/22,1:25:30 AM,1645694730,0,1.1477,11.054
2/24/22,1:30:30 AM,1645695030,0,1.1524,11.054
2/24/22,1:35:30 AM,1645695330,0,1.159,11.055
2/24/22,1:40:30 AM,1645695630,0,1.1638,11.055
2/24/22,1:45:30 AM,1645695930,0,1.169,11.056
2/24/22,1:50:30 AM,1645696230,0,1.1754,11.057
2/24/22,1:55:30 AM,1645696530,0,1.1813,11.058
2/24/22,2:00:30 AM,1645696830,0,1.1885,11.058
2/24/22,2:05:30 AM,1645697130,0,1.1966,11.059
2/24/22,2:10:30 AM,1645697430,0,1.2039,11.06
2/24/22,2:15:30 AM,1645697730,0,1.211,11.059
2/24/22,2:20:30 AM,1645698030,0,1.2196,11.059
2/24/22,2:25:30 AM,1645698330,0,1.2299,11.06
2/24/22,2:30:30 AM,1645698630,0,1.2366,11.06
2/24/22,2:35:30 AM,1645698930,0,1.2451,11.061
2/24/22,2:40:30 AM,1645699230,0,1.2521,11.061
2/24/22,2:45:30 AM,1645699530,0,1.2606,11.063
2/24/22,2:50:30 AM,1645699830,0,1.2702,11.063
2/24/22,2:55:30 AM,1645700130,0,1.2802,11.065
2/24/22,3:00:30 AM,1645700430,0,1.2891,11.066
2/24/22,3:05:30 AM,1645700730,0,1.298,11.065
2/24/22,3:10:30 AM,1645701030,0,1.3076,11.064
2/24/22,3:15:30 AM,1645701330,0,1.3154,11.064
2/24/22,3:20:30 AM,1645701630,0,1.3243,11.065
2/24/22,3:25:30 AM,1645701930,0,1.333,11.066
2/24/22,3:30:30 AM,1645702230,0,1.3407,11.067
2/24/22,3:35:30 AM,1645702530,0,1.3507,11.067
2/24/22,3:40:30 AM,1645702830,0,1.359,11.068
2/24/22,3:45:30 AM,1645703130,0,1.3675,11.069
2/24/22,3:50:30 AM,1645703430,0,1.3735,11.069
2/24/22,3:55:30 AM,1645703730,0,1.3836,11.071
2/24/22,4:00:30 AM,1645704030,0,1.3907,11.071
2/24/22,4:05:30 AM,1645704330,0,1.4014,11.072
2/24/22,4:10:30 AM,1645704630,0,1.4098,11.072
2/24/22,4:15:30 AM,1645704930,0,1.4203,11.071
2/24/22,4:20:30 AM,1645705230,0,1.4289,11.072
2/24/22,4:25:30 AM,1645705530,0,1.4358,11.072
2/24/22,4:30:30 AM,1645705830,0,1.4445,11.071
2/24/22,4:35:30 AM,1645706130,0,1.4491,11.073
2/24/22,4:40:30 AM,1645706430,0,1.4568,11.073
2/24/22,4:45:30 AM,1645706730,0,1.4622,11.073
2/24/22,4:50:30 AM,1645707030,0,1.4671,11.073
2/24/22,4:55:30 AM,1645707330,0,1.4687,11.074
2/24/22,5:00:30 AM,1645707630,0,1.4739,11.074
2/24/22,5:05:30 AM,1645707930,0,1.4767,11.075
2/24/22,5:10:30 AM,1645708230,0,1.4793,11.074
2/24/22,5:15:30 AM,1645708530,0,1.4824,11.075
2/24/22,5:20:30 AM,1645708830,0,1.4836,11.074
2/24/22,5:25:30 AM,1645709130,0,1.4858,11.074
2/24/22,5:30:30 AM,1645709430,0,1.4871,11.074
2/24/22,5:35:30 AM,1645709730,0,1.4879,11.073
2/24/22,5:40:30 AM,1645710030,0,1.4897,11.074
2/24/22,5:45:30 AM,1645710330,0,1.4911,11.075
2/24/22,5:50:30 AM,1645710630,0,1.4904,11.075
2/24/22,5:55:30 AM,1645710930,0,1.4901,11.075
2/24/22,6:00:30 AM,1645711230,0,1.49,11.075
2/24/22,6:05:30 AM,1645711530,0,1.4895,11.075
2/24/22,6:10:30 AM,1645711830,0,1.487,11.075
2/24/22,6:15:30 AM,1645712130,0,1.485,11.075
2/24/22,6:20:30 AM,1645712430,0,1.4814,11.075
2/24/22,6:25:30 AM,1645712730,0,1.4762,11.075
2/24/22,6:30:30 AM,1645713030,0,1.4701,11.075
2/24/22,6:35:30 AM,1645713330,0,1.4653,11.075
2/24/22,6:40:30 AM,1645713630,0,1.4594,11.074
2/24/22,6:45:30 AM,1645713930,0,1.4527,11.074
2/24/22,6:50:30 AM,1645714230,0,1.4454,11.073
2/24/22,6:55:30 AM,1645714530,0,1.436,11.072
2/24/22,7:00:30 AM,1645714830,0,1.427,11.071
2/24/22,7:05:30 AM,1645715130,0,1.4186,11.069
2/24/22,7:10:30 AM,1645715430,0,1.4113,11.069
2/24/22,7:15:30 AM,1645715730,0,1.4044,11.067
2/24/22,7:20:30 AM,1645716030,0,1.3976,11.066
2/24/22,7:25:30 AM,1645716330,0,1.3914,11.064
2/24/22,7:30:30 AM,1645716630,0,1.3851,11.061
2/24/22,7:35:30 AM,1645716930,0,1.3783,11.056
2/24/22,7:40:30 AM,1645717230,0,1.3731,11.051
2/24/22,7:45:30 AM,1645717530,0,1.368,11.048
2/24/22,7:50:30 AM,1645717830,0,1.3622,11.046
2/24/22,7:55:30 AM,1645718130,0,1.3572,11.044
2/24/22,8:00:30 AM,1645718430,0,1.3528,11.043
2/24/22,8:05:30 AM,1645718730,0,1.3476,11.042
2/24/22,8:10:30 AM,1645719030,0,1.344,11.04
2/24/22,8:15:30 AM,1645719330,0,1.3389,11.039
2/24/22,8:20:30 AM,1645719630,0,1.3333,11.038
2/24/22,8:25:30 AM,1645719930,0,1.3286,11.037
2/24/22,8:30:30 AM,1645720230,0,1.3241,11.036
2/24/22,8:35:30 AM,1645720530,0,1.3196,11.036
2/24/22,8:40:30 AM,1645720830,0,1.3152,11.035
2/24/22,8:45:30 AM,1645721130,0,1.3116,11.035
2/24/22,8:50:30 AM,1645721430,0,1.3069,11.035
2/24/22,8:55:30 AM,1645721730,0,1.3023,11.035
2/24/22,9:00:30 AM,1645722030,0,1.2985,11.034
2/24/22,9:05:30 AM,1645722330,0,1.2942,11.035
2/24/22,9:10:30 AM,1645722630,0,1.2901,11.034
2/24/22,9:15:30 AM,1645722930,0,1.2855,11.034
2/24/22,9:20:30 AM,1645723230,0,1.2809,11.034
2/24/22,9:25:30 AM,1645723530,0,1.2761,11.034
2/24/22,9:30:30 AM,1645723830,0,1.2716,11.034
2/24/22,9:35:30 AM,1645724130,0,1.267,11.034
2/24/22,9:40:30 AM,1645724430,0,1.2627,11.034
2/24/22,9:45:30 AM,1645724730,0,1.2589,11.035
2/24/22,9:50:30 AM,1645725030,0,1.2549,11.034
2/24/22,9:55:30 AM,1645725330,0,1.2506,11.035
2/24/22,10:00:30 AM,1645725630,0,1.2467,11.035
2/24/22,10:05:30 AM,1645725930,0,1.2427,11.036
2/24/22,10:10:30 AM,1645726230,0,1.238,11.036
2/24/22,10:15:30 AM,1645726530,0,1.2342,11.036
2/24/22,10:20:30 AM,1645726830,0,1.2305,11.037
2/24/22,10:25:30 AM,1645727130,0,1.2253,11.037
2/24/22,10:30:30 AM,1645727430,0,1.2211,11.037
2/24/22,10:35:30 AM,1645727730,0,1.2161,11.037
2/24/22,10:40:30 AM,1645728030,0,1.2123,11.038
2/24/22,10:45:30 AM,1645728330,0,1.2084,11.039
2/24/22,10:50:30 AM,1645728630,0,1.2037,11.039
2/24/22,10:55:30 AM,1645728930,0,1.1995,11.039
2/24/22,11:00:30 AM,1645729230,0,1.196,11.04
2/24/22,11:05:30 AM,1645729530,0,1.1924,11.039
2/24/22,11:10:30 AM,1645729830,0,1.1884,11.039
2/24/22,11:15:30 AM,1645730130,0,1.1851,11.04
2/24/22,11:20:30 AM,1645730430,0,1.1819,11.04
2/24/22,11:25:30 AM,1645730730,0,1.1783,11.041
2/24/22,11:30:30 AM,1645731030,0,1.1736,11.04
2/24/22,11:35:30 AM,1645731330,0,1.1693,11.041
2/24/22,11:40:30 AM,1645731630,0,1.1655,11.041
2/24/22,11:45:30 AM,1645731930,0,1.1609,11.042
2/24/22,11:50:30 AM,1645732230,0,1.1562,11.042
2/24/22,11:55:30 AM,1645732530,0,1.1516,11.042
2/24/22,12:00:30 PM,1645732830,0,1.1471,11.043
2/24/22,12:05:30 PM,1645733130,0,1.1429,11.043
2/24/22,12:10:30 PM,1645733430,0,1.1389,11.043
2/24/22,12:15:30 PM,1645733730,0,1.1344,11.043
2/24/22,12:20:30 PM,1645734030,0,1.1298,11.043
2/24/22,12:25:30 PM,1645734330,0,1.1247,11.043
2/24/22,12:30:30 PM,1645734630,0,1.1207,11.043
2/24/22,12:35:30 PM,1645734930,0,1.1164,11.043
2/24/22,12:40:30 PM,1645735230,0,1.1124,11.043
2/24/22,12:45:30 PM,1645735530,0,1.1079,11.043
2/24/22,12:50:30 PM,1645735830,0,1.1041,11.044
2/24/22,12:55:30 PM,1645736130,0,1.1002,11.043
2/24/22,1:00:30 PM,1645736430,0,1.0965,11.043
2/24/22,1:05:30 PM,1645736730,0,1.0927,11.043
2/24/22,1:10:30 PM,1645737030,0,1.0886,11.044
2/24/22,1:15:30 PM,1645737330,0,1.0846,11.043
2/24/22,1:20:30 PM,1645737630,0,1.0804,11.043
2/24/22,1:25:30 PM,1645737930,0,1.0773,11.043
2/24/22,1:30:30 PM,1645738230,0,1.0733,11.043
2/24/22,1:35:30 PM,1645738530,0,1.0695,11.043
2/24/22,1:40:30 PM,1645738830,0,1.0658,11.043
2/24/22,1:45:30 PM,1645739130,0,1.0628,11.043
2/24/22,1:50:30 PM,1645739430,0,1.0597,11.043
2/24/22,1:55:30 PM,1645739730,0,1.0562,11.043
2/24/22,2:00:30 PM,1645740030,0,1.053,11.043
2/24/22,2:05:30 PM,1645740330,0,1.0498,11.043
2/24/22,2:10:30 PM,1645740630,0,1.0467,11.043
2/24/22,2:15:30 PM,1645740930,0,1.0439,11.042
2/24/22,2:20:30 PM,1645741230,0,1.0406,11.043
2/24/22,2:25:30 PM,1645741530,0,1.0376,11.042
2/24/22,2:30:30 PM,1645741830,0,1.0347,11.044
2/24/22,2:35:30 PM,1645742130,0,1.0318,11.046
2/24/22,2:40:30 PM,1645742430,0,1.0289,11.046
2/24/22,2:45:30 PM,1645742730,0,1.0271,11.045
2/24/22,2:50:30 PM,1645743030,0,1.0242,11.044
2/24/22,2:55:30 PM,1645743330,0,1.0224,11.044
2/24/22,3:00:30 PM,1645743630,0,1.0203,11.044
2/24/22,3:05:30 PM,1645743930,0,1.0181,11.043
2/24/22,3:10:30 PM,1645744230,0,1.016,11.043
2/24/22,3:15:30 PM,1645744530,0,1.0139,11.043
2/24/22,3:20:30 PM,1645744830,0,1.0118,11.043
2/24/22,3:25:30 PM,1645745130,0,1.0097,11.042
2/24/22,3:30:30 PM,1645745430,0,1.0085,11.042
2/24/22,3:35:30 PM,1645745730,0,1.0069,11.042
2/24/22,3:40:30 PM,1645746030,0,1.0051,11.042
2/24/22,3:45:30 PM,1645746330,0,1.0038,11.041
2/24/22,3:50:30 PM,1645746630,0,1.0024,11.041
2/24/22,3:55:30 PM,1645746930,0,1.0015,11.041
2/24/22,4:00:30 PM,1645747230,0,1.0001,11.041
2/24/22,4:05:30 PM,1645747530,0,0.9988,11.04
2/24/22,4:10:30 PM,1645747830,0,0.9978,11.04
2/24/22,4:15:30 PM,1645748130,0,0.9974,11.04
2/24/22,4:20:30 PM,1645748430,0,0.9963,11.04
2/24/22,4:25:30 PM,1645748730,0,0.9959,11.04
2/24/22,4:30:30 PM,1645749030,0,0.9969,11.039
2/24/22,4:35:30 PM,1645749330,0,0.9969,11.04
2/24/22,4:40:30 PM,1645749630,0,0.9975,11.04
2/24/22,4:45:30 PM,1645749930,0,0.9989,11.041
2/24/22,4:50:30 PM,1645750230,0,1.0002,11.04
2/24/22,4:55:30 PM,1645750530,0,1.0001,11.041
2/24/22,5:00:30 PM,1645750830,0,1.001,11.041
2/24/22,5:05:30 PM,1645751130,0,1.004,11.041
2/24/22,5:10:30 PM,1645751430,0,1.0062,11.041
2/24/22,5:15:30 PM,1645751730,0,1.0091,11.042
2/24/22,5:20:30 PM,1645752030,0,1.0123,11.042
2/24/22,5:25:30 PM,1645752330,0,1.0152,11.042
2/24/22,5:30:30 PM,1645752630,0,1.0184,11.042
2/24/22,5:35:30 PM,1645752930,0,1.022,11.043
2/24/22,5:40:30 PM,1645753230,0,1.0246,11.042
2/24/22,5:45:30 PM,1645753530,0,1.0275,11.043
2/24/22,5:50:30 PM,1645753830,0,1.0303,11.043
2/24/22,5:55:30 PM,1645754130,0,1.0337,11.043
2/24/22,6:00:30 PM,1645754430,0,1.0371,11.044
2/24/22,6:05:30 PM,1645754730,0,1.0394,11.044
2/24/22,6:10:30 PM,1645755030,0,1.0429,11.044
2/24/22,6:15:30 PM,1645755330,0,1.046,11.043
2/24/22,6:20:30 PM,1645755630,0,1.0485,11.044
2/24/22,6:25:30 PM,1645755930,0,1.0501,11.044
2/24/22,6:30:30 PM,1645756230,0,1.0521,11.043
2/24/22,6:35:30 PM,1645756530,0,1.0547,11.044
2/24/22,6:40:30 PM,1645756830,0,1.0571,11.045
2/24/22,6:45:30 PM,1645757130,0,1.0597,11.044
2/24/22,6:50:30 PM,1645757430,0,1.0622,11.044
2/24/22,6:55:30 PM,1645757730,0,1.0653,11.045
2/24/22,7:00:30 PM,1645758030,0,1.0672,11.045
2/24/22,7:05:30 PM,1645758330,0,1.0696,11.044
2/24/22,7:10:30 PM,1645758630,0,1.0719,11.044
2/24/22,7:15:30 PM,1645758930,0,1.0732,11.044
2/24/22,7:20:30 PM,1645759230,0,1.0745,11.045
2/24/22,7:25:30 PM,1645759530,0,1.0761,11.044
2/24/22,7:30:30 PM,1645759830,0,1.0782,11.044
2/24/22,7:35:30 PM,1645760130,0,1.0797,11.044
2/24/22,7:40:30 PM,1645760430,0,1.0815,11.044
2/24/22,7:45:30 PM,1645760730,0,1.0818,11.045
2/24/22,7:50:30 PM,1645761030,0,1.0827,11.044
2/24/22,7:55:30 PM,1645761330,0,1.0828,11.045
2/24/22,8:00:30 PM,1645761630,0,1.0828,11.044
2/24/22,8:05:30 PM,1645761930,0,1.0825,11.044
2/24/22,8:10:30 PM,1645762230,0,1.0833,11.043
2/24/22,8:15:30 PM,1645762530,0,1.0839,11.044
2/24/22,8:20:30 PM,1645762830,0,1.0846,11.044
2/24/22,8:25:30 PM,1645763130,0,1.0858,11.044
2/24/22,8:30:30 PM,1645763430,0,1.0861,11.044
2/24/22,8:35:30 PM,1645763730,0,1.0869,11.044
2/24/22,8:40:30 PM,1645764030,0,1.0877,11.044
2/24/22,8:45:30 PM,1645764330,0,1.0882,11.044
2/24/22,8:50:30 PM,1645764630,0,1.0889,11.043
2/24/22,8:55:30 PM,1645764930,0,1.0882,11.044
2/24/22,9:00:30 PM,1645765230,0,1.0877,11.043
2/24/22,9:05:30 PM,1645765530,0,1.0862,11.044
2/24/22,9:10:30 PM,1645765830,0,1.0856,11.043
2/24/22,9:15:30 PM,1645766130,0,1.0844,11.043
2/24/22,9:20:30 PM,1645766430,0,1.0831,11.043
2/24/22,9:25:30 PM,1645766730,0,1.0812,11.042
2/24/22,9:30:30 PM,1645767030,0,1.0804,11.042
2/24/22,9:35:30 PM,1645767330,0,1.0795,11.043
2/24/22,9:40:30 PM,1645767630,0,1.0785,11.042
2/24/22,9:45:30 PM,1645767930,0,1.0764,11.042
2/24/22,9:50:30 PM,1645768230,0,1.0744,11.041
2/24/22,9:55:30 PM,1645768530,0,1.0713,11.041
2/24/22,10:00:30 PM,1645768830,0,1.0699,11.041
2/24/22,10:05:30 PM,1645769130,0,1.0684,11.04
2/24/22,10:10:30 PM,1645769430,0,1.0671,11.041
2/24/22,10:15:30 PM,1645769730,0,1.0657,11.041
2/24/22,10:20:30 PM,1645770030,0,1.0646,11.041
2/24/22,10:25:30 PM,1645770330,0,1.0625,11.04
2/24/22,10:30:30 PM,1645770630,0,1.0609,11.041
2/24/22,10:35:30 PM,1645770930,0,1.0595,11.041
2/24/22,10:40:30 PM,1645771230,0,1.0586,11.04
2/24/22,10:45:30 PM,1645771530,0,1.0578,11.041
2/24/22,10:50:30 PM,1645771830,0,1.0573,11.041
2/24/22,10:55:30 PM,1645772130,0,1.0554,11.041
2/24/22,11:00:30 PM,1645772430,0,1.0537,11.041
2/24/22,11:05:30 PM,1645772730,0,1.053,11.041
2/24/22,11:10:30 PM,1645773030,0,1.0511,11.041
2/24/22,11:15:30 PM,1645773330,0,1.0501,11.041
2/24/22,11:20:30 PM,1645773630,0,1.0491,11.041
2/24/22,11:25:30 PM,1645773930,0,1.048,11.041
2/24/22,11:30:30 PM,1645774230,0,1.0462,11.041
2/24/22,11:35:30 PM,1645774530,0,1.0452,11.041
2/24/22,11:40:30 PM,1645774830,0,1.0444,11.041
2/24/22,11:45:30 PM,1645775130,0,1.0443,11.042
2/24/22,11:50:30 PM,1645775430,0,1.0444,11.042
2/24/22,11:55:30 PM,1645775730,0,1.0453,11.042
2/25/22,12:00:30 AM,1645776030,0,1.0452,11.043
2/25/22,12:05:30 AM,1645776330,0,1.0482,11.043
2/25/22,12:10:30 AM,1645776630,0,1.0498,11.043
2/25/22,12:15:30 AM,1645776930,0,1.0513,11.043
2/25/22,12:20:30 AM,1645777230,0,1.0549,11.044
2/25/22,12:25:30 AM,1645777530,0,1.057,11.044
2/25/22,12:30:30 AM,1645777830,0,1.0594,11.044
2/25/22,12:35:30 AM,1645778130,0,1.0616,11.045
2/25/22,12:40:30 AM,1645778430,0,1.0645,11.045
2/25/22,12:45:30 AM,1645778730,0,1.0674,11.045
2/25/22,12:50:30 AM,1645779030,0,1.0693,11.045
2/25/22,12:55:30 AM,1645779330,0,1.0723,11.046
2/25/22,1:00:30 AM,1645779630,0,1.074,11.047
2/25/22,1:05:30 AM,1645779930,0,1.077,11.046
2/25/22,1:10:30 AM,1645780230,0,1.0805,11.047
2/25/22,1:15:30 AM,1645780530,0,1.0829,11.047
2/25/22,1:20:30 AM,1645780830,0,1.0871,11.048
2/25/22,1:25:30 AM,1645781130,0,1.0907,11.049
2/25/22,1:30:30 AM,1645781430,0,1.0951,11.048
2/25/22,1:35:30 AM,1645781730,0,1.0988,11.049
2/25/22,1:40:30 AM,1645782030,0,1.1039,11.05
2/25/22,1:45:30 AM,1645782330,0,1.1082,11.05
2/25/22,1:50:30 AM,1645782630,0,1.1116,11.051
2/25/22,1:55:30 AM,1645782930,0,1.1157,11.051
2/25/22,2:00:30 AM,1645783230,0,1.1193,11.052
2/25/22,2:05:30 AM,1645783530,0,1.1236,11.053
2/25/22,2:10:30 AM,1645783830,0,1.1279,11.054
2/25/22,2:15:30 AM,1645784130,0,1.1327,11.055
2/25/22,2:20:30 AM,1645784430,0,1.1375,11.055
2/25/22,2:25:30 AM,1645784730,0,1.1433,11.057
2/25/22,2:30:30 AM,1645785030,0,1.1485,11.057
2/25/22,2:35:30 AM,1645785330,0,1.1524,11.058
2/25/22,2:40:30 AM,1645785630,0,1.1571,11.059
2/25/22,2:45:30 AM,1645785930,0,1.1624,11.06
2/25/22,2:50:30 AM,1645786230,0,1.1688,11.061
2/25/22,2:55:30 AM,1645786530,0,1.1744,11.062
2/25/22,3:00:30 AM,1645786830,0,1.1813,11.064
2/25/22,3:05:30 AM,1645787130,0,1.1874,11.064
2/25/22,3:10:30 AM,1645787430,0,1.1937,11.065
2/25/22,3:15:30 AM,1645787730,0,1.201,11.065
2/25/22,3:20:30 AM,1645788030,0,1.2084,11.067
2/25/22,3:25:30 AM,1645788330,0,1.215,11.067
2/25/22,3:30:30 AM,1645788630,0,1.2231,11.067
2/25/22,3:35:30 AM,1645788930,0,1.231,11.065
2/25/22,3:40:30 AM,1645789230,0,1.2391,11.065
2/25/22,3:45:30 AM,1645789530,0,1.2481,11.066
2/25/22,3:50:30 AM,1645789830,0,1.2566,11.068
2/25/22,3:55:30 AM,1645790130,0,1.266,11.069
2/25/22,4:00:30 AM,1645790430,0,1.2754,11.071
2/25/22,4:05:30 AM,1645790730,0,1.2829,11.072
2/25/22,4:10:30 AM,1645791030,0,1.2919,11.074
2/25/22,4:15:30 AM,1645791330,0,1.3017,11.074
2/25/22,4:20:30 AM,1645791630,0,1.3107,11.076
2/25/22,4:25:30 AM,1645791930,0,1.3207,11.077
2/25/22,4:30:30 AM,1645792230,0,1.3296,11.077
2/25/22,4:35:30 AM,1645792530,0,1.3385,11.079
2/25/22,4:40:30 AM,1645792830,0,1.3491,11.079
2/25/22,4:45:30 AM,1645793130,0,1.3577,11.081
2/25/22,4:50:30 AM,1645793430,0,1.3669,11.081
2/25/22,4:55:30 AM,1645793730,0,1.3782,11.082
2/25/22,5:00:30 AM,1645794030,0,1.3876,11.083
2/25/22,5:05:30 AM,1645794330,0,1.3961,11.083
2/25/22,5:10:30 AM,1645794630,0,1.408,11.083
2/25/22,5:15:30 AM,1645794930,0,1.4158,11.084
2/25/22,5:20:30 AM,1645795230,0,1.4258,11.084
2/25/22,5:25:30 AM,1645795530,0,1.4327,11.084
2/25/22,5:30:30 AM,1645795830,0,1.4416,11.084
2/25/22,5:35:30 AM,1645796130,0,1.4468,11.085
2/25/22,5:40:30 AM,1645796430,0,1.4543,11.083
2/25/22,5:45:30 AM,1645796730,0,1.4616,11.083
2/25/22,5:50:30 AM,1645797030,0,1.4683,11.083
2/25/22,5:55:30 AM,1645797330,0,1.4745,11.082
2/25/22,6:00:30 AM,1645797630,0,1.4787,11.081
2/25/22,6:05:30 AM,1645797930,0,1.4823,11.081
2/25/22,6:10:30 AM,1645798230,0,1.4885,11.083
2/25/22,6:15:30 AM,1645798530,0,1.4911,11.081
2/25/22,6:20:30 AM,1645798830,0,1.4968,11.081
2/25/22,6:25:30 AM,1645799130,0,1.4994,11.082
2/25/22,6:30:30 AM,1645799430,0,1.5031,11.083
2/25/22,6:35:30 AM,1645799730,0,1.506,11.082
2/25/22,6:40:30 AM,1645800030,0,1.5076,11.081
2/25/22,6:45:30 AM,1645800330,0,1.5072,11.082
2/25/22,6:50:30 AM,1645800630,0,1.5048,11.083
2/25/22,6:55:30 AM,1645800930,0,1.5068,11.084
2/25/22,7:00:30 AM,1645801230,0,1.5089,11.084
2/25/22,7:05:30 AM,1645801530,0,1.5066,11.084
2/25/22,7:10:30 AM,1645801830,0,1.5065,11.085
2/25/22,7:15:30 AM,1645802130,0,1.5058,11.085
2/25/22,7:20:30 AM,1645802430,0,1.505,11.085
2/25/22,7:25:30 AM,1645802730,0,1.5023,11.085
2/25/22,7:30:30 AM,1645803030,0,1.4988,11.085
2/25/22,7:35:30 AM,1645803330,0,1.4935,11.085
2/25/22,7:40:30 AM,1645803630,0,1.488,11.085
2/25/22,7:45:30 AM,1645803930,0,1.4821,11.085
2/25/22,7:50:30 AM,1645804230,0,1.4762,11.085
2/25/22,7:55:30 AM,1645804530,0,1.4699,11.084
2/25/22,8:00:30 AM,1645804830,0,1.4618,11.082
2/25/22,8:05:30 AM,1645805130,0,1.4547,11.081
2/25/22,8:10:30 AM,1645805430,0,1.4462,11.079
2/25/22,8:15:30 AM,1645805730,0,1.4387,11.077
2/25/22,8:20:30 AM,1645806030,0,1.432,11.075
2/25/22,8:25:30 AM,1645806330,0,1.4241,11.072
2/25/22,8:30:30 AM,1645806630,0,1.4148,11.07
2/25/22,8:35:30 AM,1645806930,0,1.4069,11.068
2/25/22,8:40:30 AM,1645807230,0,1.3987,11.065
2/25/22,8:45:30 AM,1645807530,0,1.3919,11.062
2/25/22,8:50:30 AM,1645807830,0,1.3841,11.06
2/25/22,8:55:30 AM,1645808130,0,1.3772,11.057
2/25/22,9:00:30 AM,1645808430,0,1.3708,11.054
2/25/22,9:05:30 AM,1645808730,0,1.3647,11.051
2/25/22,9:10:30 AM,1645809030,0,1.36,11.048
2/25/22,9:15:30 AM,1645809330,0,1.3537,11.044
2/25/22,9:20:30 AM,1645809630,0,1.3481,11.042
2/25/22,9:25:30 AM,1645809930,0,1.3424,11.039
2/25/22,9:30:30 AM,1645810230,0,1.3366,11.037
2/25/22,9:35:30 AM,1645810530,0,1.3316,11.035
2/25/22,9:40:30 AM,1645810830,0,1.3263,11.031
2/25/22,9:45:30 AM,1645811130,0,1.3216,11.028
2/25/22,9:50:30 AM,1645811430,0,1.316,11.023
2/25/22,9:55:30 AM,1645811730,0,1.31,11.021
2/25/22,10:00:30 AM,1645812030,0,1.3045,11.019
2/25/22,10:05:30 AM,1645812330,0,1.2993,11.018
2/25/22,10:10:30 AM,1645812630,0,1.2944,11.016
2/25/22,10:15:30 AM,1645812930,0,1.29,11.015
2/25/22,10:20:30 AM,1645813230,0,1.2852,11.015
2/25/22,10:25:30 AM,1645813530,0,1.2809,11.014
2/25/22,10:30:30 AM,1645813830,0,1.2763,11.015
2/25/22,10:35:30 AM,1645814130,0,1.2725,11.015
2/25/22,10:40:30 AM,1645814430,0,1.2677,11.015
2/25/22,10:45:30 AM,1645814730,0,1.2636,11.015
2/25/22,10:50:30 AM,1645815030,0,1.259,11.015
2/25/22,10:55:30 AM,1645815330,0,1.2541,11.016
2/25/22,11:00:30 AM,1645815630,0,1.2489,11.017
2/25/22,11:05:30 AM,1645815930,0,1.2442,11.017
2/25/22,11:10:30 AM,1645816230,0,1.2394,11.018
2/25/22,11:15:30 AM,1645816530,0,1.235,11.018
2/25/22,11:20:30 AM,1645816830,0,1.2306,11.018
2/25/22,11:25:30 AM,1645817130,0,1.2265,11.018
2/25/22,11:30:30 AM,1645817430,0,1.2215,11.018
2/25/22,11:35:30 AM,1645817730,0,1.2171,11.019
2/25/22,11:40:30 AM,1645818030,0,1.2121,11.019
2/25/22,11:45:30 AM,1645818330,0,1.2079,11.019
2/25/22,11:50:30 AM,1645818630,0,1.203,11.02
2/25/22,11:55:30 AM,1645818930,0,1.1981,11.021
2/25/22,12:00:30 PM,1645819230,0,1.1924,11.022
2/25/22,12:05:30 PM,1645819530,0,1.1885,11.023
2/25/22,12:10:30 PM,1645819830,0,1.1842,11.023
2/25/22,12:15:30 PM,1645820130,0,1.1794,11.023
2/25/22,12:20:30 PM,1645820430,0,1.1738,11.024
2/25/22,12:25:30 PM,1645820730,0,1.1698,11.024
2/25/22,12:30:30 PM,1645821030,0,1.165,11.025
2/25/22,12:35:30 PM,1645821330,0,1.1604,11.025
2/25/22,12:40:30 PM,1645821630,0,1.1553,11.026
2/25/22,12:45:30 PM,1645821930,0,1.1517,11.026
2/25/22,12:50:30 PM,1645822230,0,1.1475,11.026
2/25/22,12:55:30 PM,1645822530,0,1.1435,11.027
2/25/22,1:00:30 PM,1645822830,0,1.1404,11.027
2/25/22,1:05:30 PM,1645823130,0,1.136,11.028
2/25/22,1:10:30 PM,1645823430,0,1.132,11.028
2/25/22,1:15:30 PM,1645823730,0,1.1271,11.028
2/25/22,1:20:30 PM,1645824030,0,1.1217,11.029
2/25/22,1:25:30 PM,1645824330,0,1.1166,11.029
2/25/22,1:30:30 PM,1645824630,0,1.1115,11.029
2/25/22,1:35:30 PM,1645824930,0,1.1071,11.03
2/25/22,1:40:30 PM,1645825230,0,1.1019,11.03
2/25/22,1:45:30 PM,1645825530,0,1.0964,11.03
2/25/22,1:50:30 PM,1645825830,0,1.0929,11.03
2/25/22,1:55:30 PM,1645826130,0,1.0885,11.03
2/25/22,2:00:30 PM,1645826430,0,1.0843,11.03
2/25/22,2:05:30 PM,1645826730,0,1.0808,11.03
2/25/22,2:10:30 PM,1645827030,0,1.0767,11.03
2/25/22,2:15:30 PM,1645827330,0,1.0725,11.029
2/25/22,2:20:30 PM,1645827630,0,1.0693,11.029
2/25/22,2:25:30 PM,1645827930,0,1.0663,11.029
2/25/22,2:30:30 PM,1645828230,0,1.063,11.029
2/25/22,2:35:30 PM,1645828530,0,1.0598,11.029
2/25/22,2:40:30 PM,1645828830,0,1.0574,11.028
2/25/22,2:45:30 PM,1645829130,0,1.0551,11.029
2/25/22,2:50:30 PM,1645829430,0,1.0521,11.028
2/25/22,2:55:30 PM,1645829730,0,1.0488,11.028
2/25/22,3:00:30 PM,1645830030,0,1.0466,11.027
2/25/22,3:05:30 PM,1645830330,0,1.0432,11.028
2/25/22,3:10:30 PM,1645830630,0,1.0414,11.027
2/25/22,3:15:30 PM,1645830930,0,1.0386,11.028
2/25/22,3:20:30 PM,1645831230,0,1.0362,11.028
2/25/22,3:25:30 PM,1645831530,0,1.0328,11.027
2/25/22,3:30:30 PM,1645831830,0,1.0304,11.026
2/25/22,3:35:30 PM,1645832130,0,1.0277,11.027
2/25/22,3:40:30 PM,1645832430,0,1.0253,11.027
2/25/22,3:45:30 PM,1645832730,0,1.0225,11.026
2/25/22,3:50:30 PM,1645833030,0,1.0204,11.026
2/25/22,3:55:30 PM,1645833330,0,1.0181,11.026
2/25/22,4:00:30 PM,1645833630,0,1.0162,11.025
2/25/22,4:05:30 PM,1645833930,0,1.0135,11.026
2/25/22,4:10:30 PM,1645834230,0,1.0115,11.026
2/25/22,4:15:30 PM,1645834530,0,1.0097,11.026
2/25/22,4:20:30 PM,1645834830,0,1.007,11.026
2/25/22,4:25:30 PM,1645835130,0,1.0065,11.026
2/25/22,4:30:30 PM,1645835430,0,1.0045,11.025
2/25/22,4:35:30 PM,1645835730,0,1.0027,11.025
2/25/22,4:40:30 PM,1645836030,0,1.001,11.025
2/25/22,4:45:30 PM,1645836330,0,0.9999,11.025
2/25/22,4:50:30 PM,1645836630,0,0.9985,11.026
2/25/22,4:55:30 PM,1645836930,0,0.9976,11.025
2/25/22,5:00:30 PM,1645837230,0,0.9965,11.025
2/25/22,5:05:30 PM,1645837530,0,0.9975,11.028
2/25/22,5:10:30 PM,1645837830,0,0.9982,11.027
2/25/22,5:15:30 PM,1645838130,0,0.9984,11.029
2/25/22,5:20:30 PM,1645838430,0,1,11.027
2/25/22,5:25:30 PM,1645838730,0,1.0019,11.028
2/25/22,5:30:30 PM,1645839030,0,1.005,11.027
2/25/22,5:35:30 PM,1645839330,0,1.0084,11.028
2/25/22,5:40:30 PM,1645839630,0,1.0118,11.028
2/25/22,5:45:30 PM,1645839930,0,1.0168,11.029
2/25/22,5:50:30 PM,1645840230,0,1.0215,11.029
2/25/22,5:55:30 PM,1645840530,0,1.0272,11.028
2/25/22,6:00:30 PM,1645840830,0,1.031,11.029
2/25/22,6:05:30 PM,1645841130,0,1.0332,11.029
2/25/22,6:10:30 PM,1645841430,0,1.0375,11.029
2/25/22,6:15:30 PM,1645841730,0,1.0427,11.03
2/25/22,6:20:30 PM,1645842030,0,1.0472,11.03
2/25/22,6:25:30 PM,1645842330,0,1.0522,11.031
2/25/22,6:30:30 PM,1645842630,0,1.0585,11.031
2/25/22,6:35:30 PM,1645842930,0,1.0643,11.032
2/25/22,6:40:30 PM,1645843230,0,1.07,11.032
2/25/22,6:45:30 PM,1645843530,0,1.0756,11.032
2/25/22,6:50:30 PM,1645843830,0,1.08,11.033
2/25/22,6:55:30 PM,1645844130,0,1.0837,11.033
2/25/22,7:00:30 PM,1645844430,0,1.0881,11.034
2/25/22,7:05:30 PM,1645844730,0,1.0919,11.034
2/25/22,7:10:30 PM,1645845030,0,1.0977,11.034
2/25/22,7:15:30 PM,1645845330,0,1.1034,11.034
2/25/22,7:20:30 PM,1645845630,0,1.1078,11.035
2/25/22,7:25:30 PM,1645845930,0,1.1106,11.036
2/25/22,7:30:30 PM,1645846230,0,1.1145,11.037
2/25/22,7:35:30 PM,1645846530,0,1.1181,11.037
2/25/22,7:40:30 PM,1645846830,0,1.1213,11.038
2/25/22,7:45:30 PM,1645847130,0,1.1258,11.038
2/25/22,7:50:30 PM,1645847430,0,1.1284,11.039
2/25/22,7:55:30 PM,1645847730,0,1.1314,11.039
2/25/22,8:00:30 PM,1645848030,0,1.1353,11.04
2/25/22,8:05:30 PM,1645848330,0,1.138,11.041
2/25/22,8:10:30 PM,1645848630,0,1.1419,11.042
2/25/22,8:15:30 PM,1645848930,0,1.1453,11.043
2/25/22,8:20:30 PM,1645849230,0,1.1492,11.043
2/25/22,8:25:30 PM,1645849530,0,1.152,11.044
2/25/22,8:30:30 PM,1645849830,0,1.1543,11.044
2/25/22,8:35:30 PM,1645850130,0,1.1573,11.045
2/25/22,8:40:30 PM,1645850430,0,1.1611,11.046
2/25/22,8:45:30 PM,1645850730,0,1.1643,11.047
2/25/22,8:50:30 PM,1645851030,0,1.1666,11.048
2/25/22,8:55:30 PM,1645851330,0,1.1697,11.049
2/25/22,9:00:30 PM,1645851630,0,1.1732,11.049
2/25/22,9:05:30 PM,1645851930,0,1.1752,11.05
2/25/22,9:10:30 PM,1645852230,0,1.1771,11.05
2/25/22,9:15:30 PM,1645852530,0,1.1792,11.05
2/25/22,9:20:30 PM,1645852830,0,1.1817,11.05
2/25/22,9:25:30 PM,1645853130,0,1.1828,11.051
2/25/22,9:30:30 PM,1645853430,0,1.1831,11.051
2/25/22,9:35:30 PM,1645853730,0,1.1842,11.05
2/25/22,9:40:30 PM,1645854030,0,1.1846,11.049
2/25/22,9:45:30 PM,1645854330,0,1.1863,11.048
2/25/22,9:50:30 PM,1645854630,0,1.1886,11.048
2/25/22,9:55:30 PM,1645854930,0,1.1885,11.049
2/25/22,10:00:30 PM,1645855230,0,1.1895,11.048
2/25/22,10:05:30 PM,1645855530,0,1.19,11.048
2/25/22,10:10:30 PM,1645855830,0,1.1901,11.048
2/25/22,10:15:30 PM,1645856130,0,1.1909,11.048
2/25/22,10:20:30 PM,1645856430,0,1.1928,11.046
2/25/22,10:25:30 PM,1645856730,0,1.1908,11.047
2/25/22,10:30:30 PM,1645857030,0,1.1906,11.046
2/25/22,10:35:30 PM,1645857330,0,1.1893,11.046
2/25/22,10:40:30 PM,1645857630,0,1.1904,11.045
2/25/22,10:45:30 PM,1645857930,0,1.1891,11.045
2/25/22,10:50:30 PM,1645858230,0,1.1877,11.044
2/25/22,10:55:30 PM,1645858530,0,1.1885,11.043
2/25/22,11:00:30 PM,1645858830,0,1.1873,11.043
2/25/22,11:05:30 PM,1645859130,0,1.1862,11.042
2/25/22,11:10:30 PM,1645859430,0,1.1835,11.041
2/25/22,11:15:30 PM,1645859730,0,1.1808,11.04
2/25/22,11:20:30 PM,1645860030,0,1.179,11.038
2/25/22,11:25:30 PM,1645860330,0,1.1762,11.037
2/25/22,11:30:30 PM,1645860630,0,1.1782,11.037
2/25/22,11:35:30 PM,1645860930,0,1.1755,11.037
2/25/22,11:40:30 PM,1645861230,0,1.1733,11.036
2/25/22,11:45:30 PM,1645861530,0,1.1712,11.035
2/25/22,11:50:30 PM,1645861830,0,1.1704,11.034
2/25/22,11:55:30 PM,1645862130,0,1.1692,11.034
2/26/22,12:00:30 AM,1645862430,0,1.1688,11.034
2/26/22,12:05:30 AM,1645862730,0,1.1665,11.034
2/26/22,12:10:30 AM,1645863030,0,1.1639,11.034
2/26/22,12:15:30 AM,1645863330,0,1.1633,11.033
2/26/22,12:20:30 AM,1645863630,0,1.1603,11.032
2/26/22,12:25:30 AM,1645863930,0,1.1583,11.031
2/26/22,12:30:30 AM,1645864230,0,1.1554,11.031
2/26/22,12:35:30 AM,1645864530,0,1.1542,11.031
2/26/22,12:40:30 AM,1645864830,0,1.1548,11.031
2/26/22,12:45:30 AM,1645865130,0,1.1542,11.031
2/26/22,12:50:30 AM,1645865430,0,1.1527,11.032
2/26/22,12:55:30 AM,1645865730,0,1.1518,11.031
2/26/22,1:00:30 AM,1645866030,0,1.1509,11.031
2/26/22,1:05:30 AM,1645866330,0,1.1505,11.031
2/26/22,1:10:30 AM,1645866630,0,1.1495,11.031
2/26/22,1:15:30 AM,1645866930,0,1.1496,11.031
2/26/22,1:20:30 AM,1645867230,0,1.1524,11.033
2/26/22,1:25:30 AM,1645867530,0,1.1532,11.033
2/26/22,1:30:30 AM,1645867830,0,1.1533,11.034
2/26/22,1:35:30 AM,1645868130,0,1.154,11.035
2/26/22,1:40:30 AM,1645868430,0,1.1548,11.035
2/26/22,1:45:30 AM,1645868730,0,1.1565,11.036
2/26/22,1:50:30 AM,1645869030,0,1.1615,11.039
2/26/22,1:55:30 AM,1645869330,0,1.1643,11.039
2/26/22,2:00:30 AM,1645869630,0,1.1673,11.041
2/26/22,2:05:30 AM,1645869930,0,1.1703,11.042
2/26/22,2:10:30 AM,1645870230,0,1.1739,11.042
2/26/22,2:15:30 AM,1645870530,0,1.1783,11.044
2/26/22,2:20:30 AM,1645870830,0,1.1818,11.045
2/26/22,2:25:30 AM,1645871130,0,1.1846,11.045
2/26/22,2:30:30 AM,1645871430,0,1.1871,11.046
2/26/22,2:35:30 AM,1645871730,0,1.1911,11.047
2/26/22,2:40:30 AM,1645872030,0,1.1933,11.047
2/26/22,2:45:30 AM,1645872330,0,1.1965,11.048
2/26/22,2:50:30 AM,1645872630,0,1.1986,11.049
2/26/22,2:55:30 AM,1645872930,0,1.2016,11.049
2/26/22,3:00:30 AM,1645873230,0,1.2038,11.05
2/26/22,3:05:30 AM,1645873530,0,1.2093,11.051
2/26/22,3:10:30 AM,1645873830,0,1.2134,11.051
2/26/22,3:15:30 AM,1645874130,0,1.2185,11.053
2/26/22,3:20:30 AM,1645874430,0,1.2237,11.053
2/26/22,3:25:30 AM,1645874730,0,1.2289,11.054
2/26/22,3:30:30 AM,1645875030,0,1.235,11.055
2/26/22,3:35:30 AM,1645875330,0,1.2412,11.056
2/26/22,3:40:30 AM,1645875630,0,1.2474,11.057
2/26/22,3:45:30 AM,1645875930,0,1.2524,11.057
2/26/22,3:50:30 AM,1645876230,0,1.2621,11.058
2/26/22,3:55:30 AM,1645876530,0,1.2703,11.059
2/26/22,4:00:30 AM,1645876830,0,1.2783,11.059
2/26/22,4:05:30 AM,1645877130,0,1.2851,11.059
2/26/22,4:10:30 AM,1645877430,0,1.2949,11.059
2/26/22,4:15:30 AM,1645877730,0,1.3026,11.059
2/26/22,4:20:30 AM,1645878030,0,1.3104,11.059
2/26/22,4:25:30 AM,1645878330,0,1.319,11.058
2/26/22,4:30:30 AM,1645878630,0,1.3283,11.057
2/26/22,4:35:30 AM,1645878930,0,1.3385,11.058
2/26/22,4:40:30 AM,1645879230,0,1.3489,11.059
2/26/22,4:45:30 AM,1645879530,0,1.3607,11.061
2/26/22,4:50:30 AM,1645879830,0,1.3703,11.062
2/26/22,4:55:30 AM,1645880130,0,1.3808,11.065
2/26/22,5:00:30 AM,1645880430,0,1.3933,11.065
2/26/22,5:05:30 AM,1645880730,0,1.4095,11.064
2/26/22,5:10:30 AM,1645881030,0,1.4212,11.064
2/26/22,5:15:30 AM,1645881330,0,1.4348,11.066
2/26/22,5:20:30 AM,1645881630,0,1.4492,11.067
2/26/22,5:25:30 AM,1645881930,0,1.4656,11.068
2/26/22,5:30:30 AM,1645882230,0,1.4763,11.069
2/26/22,5:35:30 AM,1645882530,0,1.493,11.07
2/26/22,5:40:30 AM,1645882830,0,1.512,11.07
2/26/22,5:45:30 AM,1645883130,0,1.5305,11.069
2/26/22,5:50:30 AM,1645883430,0,1.547,11.069
2/26/22,5:55:30 AM,1645883730,0,1.5586,11.072
2/26/22,6:00:30 AM,1645884030,0,1.5712,11.071
2/26/22,6:05:30 AM,1645884330,0,1.5857,11.073
2/26/22,6:10:30 AM,1645884630,0,1.6004,11.073
2/26/22,6:15:30 AM,1645884930,0,1.6165,11.074
2/26/22,6:20:30 AM,1645885230,0,1.6325,11.075
2/26/22,6:25:30 AM,1645885530,0,1.6459,11.077
2/26/22,6:30:30 AM,1645885830,0,1.6616,11.079
2/26/22,6:35:30 AM,1645886130,0,1.6761,11.082
2/26/22,6:40:30 AM,1645886430,0,1.6889,11.084
2/26/22,6:45:30 AM,1645886730,0,1.7042,11.086
2/26/22,6:50:30 AM,1645887030,0,1.7115,11.087
2/26/22,6:55:30 AM,1645887330,0,1.7267,11.087
2/26/22,7:00:30 AM,1645887630,0,1.7407,11.086
2/26/22,7:05:30 AM,1645887930,0,1.7514,11.086
2/26/22,7:10:30 AM,1645888230,0,1.7565,11.088
2/26/22,7:15:30 AM,1645888530,0,1.7642,11.09
2/26/22,7:20:30 AM,1645888830,0,1.7664,11.089
2/26/22,7:25:30 AM,1645889130,0,1.7788,11.089
2/26/22,7:30:30 AM,1645889430,0,1.7777,11.089
2/26/22,7:35:30 AM,1645889730,0,1.7843,11.091
2/26/22,7:40:30 AM,1645890030,0,1.7825,11.092
2/26/22,7:45:30 AM,1645890330,0,1.7894,11.092
2/26/22,7:50:30 AM,1645890630,0,1.7947,11.093
2/26/22,7:55:30 AM,1645890930,0,1.7931,11.092
2/26/22,8:00:30 AM,1645891230,0,1.7966,11.093
2/26/22,8:05:30 AM,1645891530,0,1.7943,11.094
2/26/22,8:10:30 AM,1645891830,0,1.7884,11.094
2/26/22,8:15:30 AM,1645892130,0,1.7806,11.093
2/26/22,8:20:30 AM,1645892430,0,1.7817,11.092
2/26/22,8:25:30 AM,1645892730,0,1.7799,11.091
2/26/22,8:30:30 AM,1645893030,0,1.7726,11.087
2/26/22,8:35:30 AM,1645893330,0,1.769,11.083
2/26/22,8:40:30 AM,1645893630,0,1.7647,11.081
2/26/22,8:45:30 AM,1645893930,0,1.7603,11.079
2/26/22,8:50:30 AM,1645894230,0,1.7523,11.077
2/26/22,8:55:30 AM,1645894530,0,1.7473,11.071
2/26/22,9:00:30 AM,1645894830,0,1.7379,11.066
2/26/22,9:05:30 AM,1645895130,0,1.7302,11.06
2/26/22,9:10:30 AM,1645895430,0,1.7228,11.057
2/26/22,9:15:30 AM,1645895730,0,1.7132,11.051
2/26/22,9:20:30 AM,1645896030,0,1.7019,11.043
2/26/22,9:25:30 AM,1645896330,0,1.6921,11.036
2/26/22,9:30:30 AM,1645896630,0,1.6816,11.027
2/26/22,9:35:30 AM,1645896930,0,1.6744,11.02
2/26/22,9:40:30 AM,1645897230,0,1.6638,11.013
2/26/22,9:45:30 AM,1645897530,0,1.6519,11.006
2/26/22,9:50:30 AM,1645897830,0,1.6408,10.995
2/26/22,9:55:30 AM,1645898130,0,1.6318,10.984
2/26/22,10:00:30 AM,1645898430,0,1.6209,10.978
2/26/22,10:05:30 AM,1645898730,0,1.6123,10.972
2/26/22,10:10:30 AM,1645899030,0,1.6046,10.972
2/26/22,10:15:30 AM,1645899330,0,1.5954,10.972
2/26/22,10:20:30 AM,1645899630,0,1.5886,10.971
2/26/22,10:25:30 AM,1645899930,0,1.5794,10.969
2/26/22,10:30:30 AM,1645900230,0,1.5734,10.969
2/26/22,10:35:30 AM,1645900530,0,1.5656,10.969
2/26/22,10:40:30 AM,1645900830,0,1.5578,10.969
2/26/22,10:45:30 AM,1645901130,0,1.5497,10.967
2/26/22,10:50:30 AM,1645901430,0,1.5424,10.967
2/26/22,10:55:30 AM,1645901730,0,1.5351,10.967
2/26/22,11:00:30 AM,1645902030,0,1.5275,10.966
2/26/22,11:05:30 AM,1645902330,0,1.5205,10.964
2/26/22,11:10:30 AM,1645902630,0,1.5132,10.965
2/26/22,11:15:30 AM,1645902930,0,1.507,10.964
2/26/22,11:20:30 AM,1645903230,0,1.4997,10.964
2/26/22,11:25:30 AM,1645903530,0,1.4934,10.964
2/26/22,11:30:30 AM,1645903830,0,1.4869,10.962
2/26/22,11:35:30 AM,1645904130,0,1.4796,10.963
2/26/22,11:40:30 AM,1645904430,0,1.4735,10.962
2/26/22,11:45:30 AM,1645904730,0,1.4677,10.963
2/26/22,11:50:30 AM,1645905030,0,1.4612,10.963
2/26/22,11:55:30 AM,1645905330,0,1.4554,10.964
2/26/22,12:00:30 PM,1645905630,0,1.45,10.964
2/26/22,12:05:30 PM,1645905930,0,1.4431,10.964
2/26/22,12:10:30 PM,1645906230,0,1.4366,10.963
2/26/22,12:15:30 PM,1645906530,0,1.4307,10.964
2/26/22,12:20:30 PM,1645906830,0,1.4259,10.966
2/26/22,12:25:30 PM,1645907130,0,1.4196,10.966
2/26/22,12:30:30 PM,1645907430,0,1.4125,10.966
2/26/22,12:35:30 PM,1645907730,0,1.4063,10.964
2/26/22,12:40:30 PM,1645908030,0,1.3998,10.967
2/26/22,12:45:30 PM,1645908330,0,1.3933,10.967
2/26/22,12:50:30 PM,1645908630,0,1.3867,10.968
2/26/22,12:55:30 PM,1645908930,0,1.3821,10.969
2/26/22,1:00:30 PM,1645909230,0,1.3754,10.969
2/26/22,1:05:30 PM,1645909530,0,1.3697,10.97
2/26/22,1:10:30 PM,1645909830,0,1.3641,10.968
2/26/22,1:15:30 PM,1645910130,0,1.3584,10.968
2/26/22,1:20:30 PM,1645910430,0,1.3525,10.968
2/26/22,1:25:30 PM,1645910730,0,1.3465,10.969
2/26/22,1:30:30 PM,1645911030,0,1.3422,10.97
2/26/22,1:35:30 PM,1645911330,0,1.3367,10.97
2/26/22,1:40:30 PM,1645911630,0,1.3318,10.97
2/26/22,1:45:30 PM,1645911930,0,1.3266,10.971
2/26/22,1:50:30 PM,1645912230,0,1.3221,10.97
2/26/22,1:55:30 PM,1645912530,0,1.3176,10.972
2/26/22,2:00:30 PM,1645912830,0,1.3124,10.973
2/26/22,2:05:30 PM,1645913130,0,1.3085,10.973
2/26/22,2:10:30 PM,1645913430,0,1.3033,10.975
2/26/22,2:15:30 PM,1645913730,0,1.2989,10.976
2/26/22,2:20:30 PM,1645914030,0,1.2955,10.977
2/26/22,2:25:30 PM,1645914330,0,1.2907,10.978
2/26/22,2:30:30 PM,1645914630,0,1.2873,10.977
2/26/22,2:35:30 PM,1645914930,0,1.2825,10.979
2/26/22,2:40:30 PM,1645915230,0,1.2779,10.979
2/26/22,2:45:30 PM,1645915530,0,1.2746,10.981
2/26/22,2:50:30 PM,1645915830,0,1.2712,10.982
2/26/22,2:55:30 PM,1645916130,0,1.2676,10.983
2/26/22,3:00:30 PM,1645916430,0,1.264,10.983
2/26/22,3:05:30 PM,1645916730,0,1.2593,10.984
2/26/22,3:10:30 PM,1645917030,0,1.2554,10.984
2/26/22,3:15:30 PM,1645917330,0,1.2516,10.985
2/26/22,3:20:30 PM,1645917630,0,1.2483,10.986
2/26/22,3:25:30 PM,1645917930,0,1.2442,10.986
2/26/22,3:30:30 PM,1645918230,0,1.2403,10.987
2/26/22,3:35:30 PM,1645918530,0,1.2365,10.988
2/26/22,3:40:30 PM,1645918830,0,1.2336,10.988
2/26/22,3:45:30 PM,1645919130,0,1.2298,10.989
2/26/22,3:50:30 PM,1645919430,0,1.2263,10.99
2/26/22,3:55:30 PM,1645919730,0,1.2233,10.991
2/26/22,4:00:30 PM,1645920030,0,1.2208,10.992
2/26/22,4:05:30 PM,1645920330,0,1.2165,10.992
2/26/22,4:10:30 PM,1645920630,0,1.213,10.993
2/26/22,4:15:30 PM,1645920930,0,1.2103,10.994
2/26/22,4:20:30 PM,1645921230,0,1.2066,10.995
2/26/22,4:25:30 PM,1645921530,0,1.203,10.995
2/26/22,4:30:30 PM,1645921830,0,1.1995,10.996
2/26/22,4:35:30 PM,1645922130,0,1.1967,10.997
2/26/22,4:40:30 PM,1645922430,0,1.1945,10.998
2/26/22,4:45:30 PM,1645922730,0,1.1923,10.998
2/26/22,4:50:30 PM,1645923030,0,1.1908,11
2/26/22,4:55:30 PM,1645923330,0,1.1896,11
2/26/22,5:00:30 PM,1645923630,0,1.1873,11
2/26/22,5:05:30 PM,1645923930,0,1.185,11.001
2/26/22,5:10:30 PM,1645924230,0,1.1829,11.002
2/26/22,5:15:30 PM,1645924530,0,1.1825,11.003
2/26/22,5:20:30 PM,1645924830,0,1.1812,11.004
2/26/22,5:25:30 PM,1645925130,0,1.1805,11.006
2/26/22,5:30:30 PM,1645925430,0,1.1799,11.006
2/26/22,5:35:30 PM,1645925730,0,1.1779,11.007
2/26/22,5:40:30 PM,1645926030,0,1.1778,11.008
2/26/22,5:45:30 PM,1645926330,0,1.177,11.009
2/26/22,5:50:30 PM,1645926630,0,1.1774,11.01
2/26/22,5:55:30 PM,1645926930,0,1.1775,11.012
2/26/22,6:00:30 PM,1645927230,0,1.1792,11.012
2/26/22,6:05:30 PM,1645927530,0,1.1793,11.013
2/26/22,6:10:30 PM,1645927830,0,1.1828,11.015
2/26/22,6:15:30 PM,1645928130,0,1.1839,11.016
2/26/22,6:20:30 PM,1645928430,0,1.1875,11.017
2/26/22,6:25:30 PM,1645928730,0,1.1924,11.019
2/26/22,6:30:30 PM,1645929030,0,1.1974,11.02
2/26/22,6:35:30 PM,1645929330,0,1.2013,11.021
2/26/22,6:40:30 PM,1645929630,0,1.205,11.023
2/26/22,6:45:30 PM,1645929930,0,1.2094,11.023
2/26/22,6:50:30 PM,1645930230,0,1.2166,11.025
2/26/22,6:55:30 PM,1645930530,0,1.224,11.026
2/26/22,7:00:30 PM,1645930830,0,1.229,11.028
2/26/22,7:05:30 PM,1645931130,0,1.235,11.029
2/26/22,7:10:30 PM,1645931430,0,1.24,11.031
2/26/22,7:15:30 PM,1645931730,0,1.2456,11.031
2/26/22,7:20:30 PM,1645932030,0,1.2546,11.032
2/26/22,7:25:30 PM,1645932330,0,1.2637,11.033
2/26/22,7:30:30 PM,1645932630,0,1.268,11.034
2/26/22,7:35:30 PM,1645932930,0,1.2743,11.035
2/26/22,7:40:30 PM,1645933230,0,1.2835,11.035
2/26/22,7:45:30 PM,1645933530,0,1.2903,11.037
2/26/22,7:50:30 PM,1645933830,0,1.2954,11.036
2/26/22,7:55:30 PM,1645934130,0,1.2991,11.038
2/26/22,8:00:30 PM,1645934430,0,1.3042,11.038
2/26/22,8:05:30 PM,1645934730,0,1.3113,11.04
2/26/22,8:10:30 PM,1645935030,0,1.3144,11.041
2/26/22,8:15:30 PM,1645935330,0,1.3231,11.042
2/26/22,8:20:30 PM,1645935630,0,1.3291,11.043
2/26/22,8:25:30 PM,1645935930,0,1.3328,11.044
2/26/22,8:30:30 PM,1645936230,0,1.3399,11.045
2/26/22,8:35:30 PM,1645936530,0,1.3441,11.045
2/26/22,8:40:30 PM,1645936830,0,1.3492,11.046
2/26/22,8:45:30 PM,1645937130,0,1.3501,11.047
2/26/22,8:50:30 PM,1645937430,0,1.3566,11.047
2/26/22,8:55:30 PM,1645937730,0,1.3606,11.048
2/26/22,9:00:30 PM,1645938030,0,1.3693,11.048
2/26/22,9:05:30 PM,1645938330,0,1.3795,11.049
2/26/22,9:10:30 PM,1645938630,0,1.3854,11.049
2/26/22,9:15:30 PM,1645938930,0,1.3914,11.051
2/26/22,9:20:30 PM,1645939230,0,1.3977,11.051
2/26/22,9:25:30 PM,1645939530,0,1.3995,11.052
2/26/22,9:30:30 PM,1645939830,0,1.4039,11.053
2/26/22,9:35:30 PM,1645940130,0,1.4038,11.053
2/26/22,9:40:30 PM,1645940430,0,1.4113,11.053
2/26/22,9:45:30 PM,1645940730,0,1.4182,11.053
2/26/22,9:50:30 PM,1645941030,0,1.4166,11.054
2/26/22,9:55:30 PM,1645941330,0,1.4189,11.054
2/26/22,10:00:30 PM,1645941630,0,1.426,11.054
2/26/22,10:05:30 PM,1645941930,0,1.4256,11.055
2/26/22,10:10:30 PM,1645942230,0,1.4296,11.056
2/26/22,10:15:30 PM,1645942530,0,1.4335,11.055
2/26/22,10:20:30 PM,1645942830,0,1.4341,11.055
2/26/22,10:25:30 PM,1645943130,0,1.4362,11.055
2/26/22,10:30:30 PM,1645943430,0,1.4334,11.054
2/26/22,10:35:30 PM,1645943730,0,1.4332,11.054
2/26/22,10:40:30 PM,1645944030,0,1.4356,11.054
2/26/22,10:45:30 PM,1645944330,0,1.4401,11.054
2/26/22,10:50:30 PM,1645944630,0,1.4388,11.053
2/26/22,10:55:30 PM,1645944930,0,1.4347,11.052
2/26/22,11:00:30 PM,1645945230,0,1.4329,11.051
2/26/22,11:05:30 PM,1645945530,0,1.4375,11.052
2/26/22,11:10:30 PM,1645945830,0,1.4346,11.052
2/26/22,11:15:30 PM,1645946130,0,1.4359,11.051
2/26/22,11:20:30 PM,1645946430,0,1.4318,11.052
2/26/22,11:25:30 PM,1645946730,0,1.4248,11.051
2/26/22,11:30:30 PM,1645947030,0,1.4196,11.047
2/26/22,11:35:30 PM,1645947330,0,1.4194,11.046
2/26/22,11:40:30 PM,1645947630,0,1.4205,11.046
2/26/22,11:45:30 PM,1645947930,0,1.4206,11.048
2/26/22,11:50:30 PM,1645948230,0,1.4211,11.047
2/26/22,11:55:30 PM,1645948530,0,1.425,11.048
2/27/22,12:00:30 AM,1645948830,0,1.4216,11.048
2/27/22,12:05:30 AM,1645949130,0,1.4182,11.048
2/27/22,12:10:30 AM,1645949430,0,1.4196,11.048
2/27/22,12:15:30 AM,1645949730,0,1.4126,11.048
2/27/22,12:20:30 AM,1645950030,0,1.4122,11.047
2/27/22,12:25:30 AM,1645950330,0,1.4072,11.046
2/27/22,12:30:30 AM,1645950630,0,1.398,11.044
2/27/22,12:35:30 AM,1645950930,0,1.393,11.041
2/27/22,12:40:30 AM,1645951230,0,1.3909,11.039
2/27/22,12:45:30 AM,1645951530,0,1.3923,11.037
2/27/22,12:50:30 AM,1645951830,0,1.3905,11.038
2/27/22,12:55:30 AM,1645952130,0,1.3867,11.037
2/27/22,1:00:30 AM,1645952430,0,1.3812,11.038
2/27/22,1:05:30 AM,1645952730,0,1.3838,11.037
2/27/22,1:10:30 AM,1645953030,0,1.3855,11.04
2/27/22,1:15:30 AM,1645953330,0,1.3842,11.04
2/27/22,1:20:30 AM,1645953630,0,1.3794,11.039
2/27/22,1:25:30 AM,1645953930,0,1.3738,11.038
2/27/22,1:30:30 AM,1645954230,0,1.3758,11.037
2/27/22,1:35:30 AM,1645954530,0,1.3746,11.04
2/27/22,1:40:30 AM,1645954830,0,1.3747,11.038
2/27/22,1:45:30 AM,1645955130,0,1.3748,11.04
2/27/22,1:50:30 AM,1645955430,0,1.3786,11.04
2/27/22,1:55:30 AM,1645955730,0,1.3726,11.04
2/27/22,2:00:30 AM,1645956030,0,1.3699,11.039
2/27/22,2:05:30 AM,1645956330,0,1.3646,11.04
2/27/22,2:10:30 AM,1645956630,0,1.3657,11.041
2/27/22,2:15:30 AM,1645956930,0,1.3637,11.041
2/27/22,2:20:30 AM,1645957230,0,1.3644,11.04
2/27/22,2:25:30 AM,1645957530,0,1.3638,11.041
2/27/22,2:30:30 AM,1645957830,0,1.3625,11.041
2/27/22,2:35:30 AM,1645958130,0,1.3556,11.042
2/27/22,2:40:30 AM,1645958430,0,1.3536,11.042
2/27/22,2:45:30 AM,1645958730,0,1.3538,11.042
2/27/22,2:50:30 AM,1645959030,0,1.3544,11.042
2/27/22,2:55:30 AM,1645959330,0,1.3558,11.043
2/27/22,3:00:30 AM,1645959630,0,1.3578,11.044
2/27/22,3:05:30 AM,1645959930,0,1.3618,11.044
2/27/22,3:10:30 AM,1645960230,0,1.368,11.045
2/27/22,3:15:30 AM,1645960530,0,1.3676,11.046
2/27/22,3:20:30 AM,1645960830,0,1.3707,11.046
2/27/22,3:25:30 AM,1645961130,0,1.3756,11.046
2/27/22,3:30:30 AM,1645961430,0,1.3805,11.047
2/27/22,3:35:30 AM,1645961730,0,1.3863,11.048
2/27/22,3:40:30 AM,1645962030,0,1.3901,11.049
2/27/22,3:45:30 AM,1645962330,0,1.3957,11.05
2/27/22,3:50:30 AM,1645962630,0,1.4,11.051
2/27/22,3:55:30 AM,1645962930,0,1.4031,11.051
2/27/22,4:00:30 AM,1645963230,0,1.4117,11.051
2/27/22,4:05:30 AM,1645963530,0,1.4189,11.051
2/27/22,4:10:30 AM,1645963830,0,1.4286,11.052
2/27/22,4:15:30 AM,1645964130,0,1.4347,11.053
2/27/22,4:20:30 AM,1645964430,0,1.4397,11.053
2/27/22,4:25:30 AM,1645964730,0,1.4426,11.052
2/27/22,4:30:30 AM,1645965030,0,1.4497,11.053
2/27/22,4:35:30 AM,1645965330,0,1.454,11.053
2/27/22,4:40:30 AM,1645965630,0,1.4631,11.053
2/27/22,4:45:30 AM,1645965930,0,1.4659,11.054
2/27/22,4:50:30 AM,1645966230,0,1.4785,11.053
2/27/22,4:55:30 AM,1645966530,0,1.4817,11.054
2/27/22,5:00:30 AM,1645966830,0,1.4963,11.054
2/27/22,5:05:30 AM,1645967130,0,1.5003,11.054
2/27/22,5:10:30 AM,1645967430,0,1.5093,11.053
2/27/22,5:15:30 AM,1645967730,0,1.526,11.053
2/27/22,5:20:30 AM,1645968030,0,1.5308,11.053
2/27/22,5:25:30 AM,1645968330,0,1.5405,11.053
2/27/22,5:30:30 AM,1645968630,0,1.5502,11.052
2/27/22,5:35:30 AM,1645968930,0,1.5706,11.051
2/27/22,5:40:30 AM,1645969230,0,1.5987,11.052
2/27/22,5:45:30 AM,1645969530,0,1.6078,11.053
2/27/22,5:50:30 AM,1645969830,0,1.6241,11.052
2/27/22,5:55:30 AM,1645970130,0,1.6527,11.054
2/27/22,6:00:30 AM,1645970430,0,1.6707,11.055
2/27/22,6:05:30 AM,1645970730,0,1.7018,11.059
2/27/22,6:10:30 AM,1645971030,0,1.7145,11.061
2/27/22,6:15:30 AM,1645971330,0,1.7459,11.062
2/27/22,6:20:30 AM,1645971630,0,1.7796,11.063
2/27/22,6:25:30 AM,1645971930,0,1.8039,11.064
2/27/22,6:30:30 AM,1645972230,0,1.8391,11.066
2/27/22,6:35:30 AM,1645972530,0,1.8646,11.069
2/27/22,6:40:30 AM,1645972830,0,1.8926,11.069
2/27/22,6:45:30 AM,1645973130,0,2.0113,11.067
2/27/22,6:50:30 AM,1645973430,0,2.2821,9.539
2/27/22,6:55:30 AM,1645973730,0,2.1847,9.436
2/27/22,7:00:30 AM,1645974030,0,2.1677,9.453
2/27/22,7:05:30 AM,1645974330,0,2.1938,9.443
2/27/22,7:10:30 AM,1645974630,0,2.1933,9.446
2/27/22,7:15:30 AM,1645974930,0,2.2155,9.463
2/27/22,7:20:30 AM,1645975230,0,2.2413,9.492
2/27/22,7:25:30 AM,1645975530,0,2.2556,9.527
2/27/22,7:30:30 AM,1645975830,0,2.2643,9.566
2/27/22,7:35:30 AM,1645976130,0,2.3188,9.604
2/27/22,7:40:30 AM,1645976430,0,2.2989,9.64
2/27/22,7:45:30 AM,1645976730,0,2.2195,9.673
2/27/22,7:50:30 AM,1645977030,0,2.3122,9.705
2/27/22,7:55:30 AM,1645977330,0,2.309,9.732
2/27/22,8:00:30 AM,1645977630,0,2.3465,9.757
2/27/22,8:05:30 AM,1645977930,0,2.2668,9.777
2/27/22,8:10:30 AM,1645978230,0,2.3696,9.792
2/27/22,8:15:30 AM,1645978530,0,2.3402,9.806
2/27/22,8:20:30 AM,1645978830,0,2.3551,9.818
2/27/22,8:25:30 AM,1645979130,0,2.2201,9.831
2/27/22,8:30:30 AM,1645979430,0,2.3538,9.845
2/27/22,8:35:30 AM,1645979730,0,2.2092,9.857
2/27/22,8:40:30 AM,1645980030,0,2.1634,9.87
2/27/22,8:45:30 AM,1645980330,0,2.2251,9.883
2/27/22,8:50:30 AM,1645980630,0,2.2688,9.896
2/27/22,8:55:30 AM,1645980930,0,2.2238,9.908
2/27/22,9:00:30 AM,1645981230,0,2.212,9.92
2/27/22,9:05:30 AM,1645981530,0,2.1987,9.933
2/27/22,9:10:30 AM,1645981830,0,2.1867,9.943
2/27/22,9:15:30 AM,1645982130,0,2.1729,9.956
2/27/22,9:20:30 AM,1645982430,0,2.1483,9.968
2/27/22,9:25:30 AM,1645982730,0,2.106,9.978
2/27/22,9:30:30 AM,1645983030,0,2.0897,9.987
2/27/22,9:35:30 AM,1645983330,0,2.0914,9.993
2/27/22,9:40:30 AM,1645983630,0,2.0978,10.002
2/27/22,9:45:30 AM,1645983930,0,2.0812,10.011
2/27/22,9:50:30 AM,1645984230,0,2.0725,10.019
2/27/22,9:55:30 AM,1645984530,0,2.0711,10.026
2/27/22,10:00:30 AM,1645984830,0,2.036,10.033
2/27/22,10:05:30 AM,1645985130,0,2.0291,10.038
2/27/22,10:10:30 AM,1645985430,0,2.0248,10.044
2/27/22,10:15:30 AM,1645985730,0,2.0113,10.047
2/27/22,10:20:30 AM,1645986030,0,2.0001,10.053
2/27/22,10:25:30 AM,1645986330,0,1.9936,10.056
2/27/22,10:30:30 AM,1645986630,0,1.9806,10.061
2/27/22,10:35:30 AM,1645986930,0,1.9751,10.064
2/27/22,10:40:30 AM,1645987230,0,1.9611,10.067
2/27/22,10:45:30 AM,1645987530,0,1.9481,10.07
2/27/22,10:50:30 AM,1645987830,0,1.938,10.07
2/27/22,10:55:30 AM,1645988130,0,1.9364,10.074
2/27/22,11:00:30 AM,1645988430,0,1.916,10.076
2/27/22,11:05:30 AM,1645988730,0,1.9032,10.078
2/27/22,11:10:30 AM,1645989030,0,1.8856,10.079
2/27/22,11:15:30 AM,1645989330,0,1.8756,10.08
2/27/22,11:20:30 AM,1645989630,0,1.8583,10.08
2/27/22,11:25:30 AM,1645989930,0,1.8495,10.081
2/27/22,11:30:30 AM,1645990230,0,1.838,10.081
2/27/22,11:35:30 AM,1645990530,0,1.8262,10.08
2/27/22,11:40:30 AM,1645990830,0,1.8126,10.077
2/27/22,11:45:30 AM,1645991130,0,1.8004,10.076
2/27/22,11:50:30 AM,1645991430,0,1.7906,10.075
2/27/22,11:55:30 AM,1645991730,0,1.7778,10.072
2/27/22,12:00:30 PM,1645992030,0,1.7666,10.072
2/27/22,12:05:30 PM,1645992330,0,1.7577,10.069
2/27/22,12:10:30 PM,1645992630,0,1.7457,10.065
2/27/22,12:15:30 PM,1645992930,0,1.7337,10.061
2/27/22,12:20:30 PM,1645993230,0,1.723,10.06
2/27/22,12:25:30 PM,1645993530,0,1.7124,10.056
2/27/22,12:30:30 PM,1645993830,0,1.7033,10.051
2/27/22,12:35:30 PM,1645994130,0,1.6926,10.048
2/27/22,12:40:30 PM,1645994430,0,1.6835,10.043
2/27/22,12:45:30 PM,1645994730,0,1.6753,10.039
2/27/22,12:50:30 PM,1645995030,0,1.6648,10.033
2/27/22,12:55:30 PM,1645995330,0,1.6548,10.028
2/27/22,1:00:30 PM,1645995630,0,1.6463,10.024
2/27/22,1:05:30 PM,1645995930,0,1.6373,10.019
2/27/22,1:10:30 PM,1645996230,0,1.6277,10.013
2/27/22,1:15:30 PM,1645996530,0,1.6201,10.008
2/27/22,1:20:30 PM,1645996830,0,1.6131,10.002
2/27/22,1:25:30 PM,1645997130,0,1.6067,9.998
2/27/22,1:30:30 PM,1645997430,0,1.5999,9.993
2/27/22,1:35:30 PM,1645997730,0,1.5919,9.986
2/27/22,1:40:30 PM,1645998030,0,1.5848,9.981
2/27/22,1:45:30 PM,1645998330,0,1.5785,9.975
2/27/22,1:50:30 PM,1645998630,0,1.571,9.971
2/27/22,1:55:30 PM,1645998930,0,1.5628,9.964
2/27/22,2:00:30 PM,1645999230,0,1.5543,9.961
2/27/22,2:05:30 PM,1645999530,0,1.5484,9.957
2/27/22,2:10:30 PM,1645999830,0,1.5419,9.952
2/27/22,2:15:30 PM,1646000130,0,1.5342,9.948
2/27/22,2:20:30 PM,1646000430,0,1.5276,9.943
2/27/22,2:25:30 PM,1646000730,0,1.5208,9.94
2/27/22,2:30:30 PM,1646001030,0,1.5135,9.936
2/27/22,2:35:30 PM,1646001330,0,1.5075,9.93
2/27/22,2:40:30 PM,1646001630,0,1.5004,9.927
2/27/22,2:45:30 PM,1646001930,0,1.4941,9.923
2/27/22,2:50:30 PM,1646002230,0,1.4888,9.92
2/27/22,2:55:30 PM,1646002530,0,1.4822,9.916
2/27/22,3:00:30 PM,1646002830,0,1.4772,9.913
2/27/22,3:05:30 PM,1646003130,0,1.4707,9.909
2/27/22,3:10:30 PM,1646003430,0,1.4646,9.907
2/27/22,3:15:30 PM,1646003730,0,1.4579,9.904
2/27/22,3:20:30 PM,1646004030,0,1.4519,9.901
2/27/22,3:25:30 PM,1646004330,0,1.4465,9.898
2/27/22,3:30:30 PM,1646004630,0,1.4403,9.896
2/27/22,3:35:30 PM,1646004930,0,1.435,9.893
2/27/22,3:40:30 PM,1646005230,0,1.4296,9.891
2/27/22,3:45:30 PM,1646005530,0,1.4235,9.889
2/27/22,3:50:30 PM,1646005830,0,1.4186,9.885
2/27/22,3:55:30 PM,1646006130,0,1.4127,9.884
2/27/22,4:00:30 PM,1646006430,0,1.4084,9.881
2/27/22,4:05:30 PM,1646006730,0,1.4027,9.88
2/27/22,4:10:30 PM,1646007030,0,1.3971,9.878
2/27/22,4:15:30 PM,1646007330,0,1.393,9.876
2/27/22,4:20:30 PM,1646007630,0,1.3881,9.874
2/27/22,4:25:30 PM,1646007930,0,1.3828,9.873
2/27/22,4:30:30 PM,1646008230,0,1.379,9.871
2/27/22,4:35:30 PM,1646008530,0,1.3753,9.87
2/27/22,4:40:30 PM,1646008830,0,1.3728,9.869
2/27/22,4:45:30 PM,1646009130,0,1.3693,9.867
2/27/22,4:50:30 PM,1646009430,0,1.3648,9.866
2/27/22,4:55:30 PM,1646009730,0,1.3606,9.865
2/27/22,5:00:30 PM,1646010030,0,1.3579,9.864
2/27/22,5:05:30 PM,1646010330,0,1.353,9.863
2/27/22,5:10:30 PM,1646010630,0,1.3505,9.862
2/27/22,5:15:30 PM,1646010930,0,1.3467,9.862
2/27/22,5:20:30 PM,1646011230,0,1.3443,9.861
2/27/22,5:25:30 PM,1646011530,0,1.3416,9.86
2/27/22,5:30:30 PM,1646011830,0,1.3383,9.86
2/27/22,5:35:30 PM,1646012130,0,1.3347,9.859
2/27/22,5:40:30 PM,1646012430,0,1.3325,9.86
2/27/22,5:45:30 PM,1646012730,0,1.3306,9.859
2/27/22,5:50:30 PM,1646013030,0,1.3301,9.859
2/27/22,5:55:30 PM,1646013330,0,1.3292,9.859
2/27/22,6:00:30 PM,1646013630,0,1.3262,9.86
2/27/22,6:05:30 PM,1646013930,0,1.328,9.861
2/27/22,6:10:30 PM,1646014230,0,1.3252,9.861
2/27/22,6:15:30 PM,1646014530,0,1.3238,9.862
2/27/22,6:20:30 PM,1646014830,0,1.3204,9.863
2/27/22,6:25:30 PM,1646015130,0,1.3193,9.863
2/27/22,6:30:30 PM,1646015430,0,1.3192,9.865
2/27/22,6:35:30 PM,1646015730,0,1.3217,9.866
2/27/22,6:40:30 PM,1646016030,0,1.3221,9.867
2/27/22,6:45:30 PM,1646016330,0,1.3041,9.857
2/27/22,6:50:30 PM,1646016630,0,1.3087,9.834
2/27/22,6:55:30 PM,1646016930,0,1.315,9.834
2/27/22,7:00:30 PM,1646017230,0,1.3161,9.836
2/27/22,7:05:30 PM,1646017530,0,1.3207,9.838
2/27/22,7:10:30 PM,1646017830,0,1.3252,9.841
2/27/22,7:15:30 PM,1646018130,0,1.334,9.842
2/27/22,7:20:30 PM,1646018430,0,1.3409,9.845
2/27/22,7:25:30 PM,1646018730,0,1.3404,9.848
2/27/22,7:30:30 PM,1646019030,0,1.3429,9.85
2/27/22,7:35:30 PM,1646019330,0,1.3534,9.853
2/27/22,7:40:30 PM,1646019630,0,1.3604,9.857
2/27/22,7:45:30 PM,1646019930,0,1.3634,9.86
2/27/22,7:50:30 PM,1646020230,0,1.376,9.862
2/27/22,7:55:30 PM,1646020530,0,1.3824,9.865
2/27/22,8:00:30 PM,1646020830,0,1.3852,9.868
2/27/22,8:05:30 PM,1646021130,0,1.3964,9.872
2/27/22,8:10:30 PM,1646021430,0,1.4097,9.876
2/27/22,8:15:30 PM,1646021730,0,1.4244,9.879
2/27/22,8:20:30 PM,1646022030,0,1.4302,9.884
2/27/22,8:25:30 PM,1646022330,0,1.4418,9.887
2/27/22,8:30:30 PM,1646022630,0,1.4441,9.893
2/27/22,8:35:30 PM,1646022930,0,1.4513,9.896
2/27/22,8:40:30 PM,1646023230,0,1.4651,9.901
2/27/22,8:45:30 PM,1646023530,0,1.4807,9.905
2/27/22,8:50:30 PM,1646023830,0,1.4855,9.911
2/27/22,8:55:30 PM,1646024130,0,1.4927,9.917
2/27/22,9:00:30 PM,1646024430,0,1.5001,9.922
2/27/22,9:05:30 PM,1646024730,0,1.5094,9.927
2/27/22,9:10:30 PM,1646025030,0,1.5212,9.933
2/27/22,9:15:30 PM,1646025330,0,1.5288,9.938
2/27/22,9:20:30 PM,1646025630,0,1.5326,9.945
2/27/22,9:25:30 PM,1646025930,0,1.5437,9.951
2/27/22,9:30:30 PM,1646026230,0,1.5606,9.956
2/27/22,9:35:30 PM,1646026530,0,1.5651,9.962
2/27/22,9:40:30 PM,1646026830,0,1.5749,9.968
2/27/22,9:45:30 PM,1646027130,0,1.588,9.975
2/27/22,9:50:30 PM,1646027430,0,1.5889,9.982
2/27/22,9:55:30 PM,1646027730,0,1.5893,9.988
2/27/22,10:00:30 PM,1646028030,0,1.5983,9.994
2/27/22,10:05:30 PM,1646028330,0,1.6095,10
2/27/22,10:10:30 PM,1646028630,0,1.6127,10.005
2/27/22,10:15:30 PM,1646028930,0,1.6201,10.01
2/27/22,10:20:30 PM,1646029230,0,1.6323,10.017
2/27/22,10:25:30 PM,1646029530,0,1.623,10.023
2/27/22,10:30:30 PM,1646029830,0,1.6282,10.028
2/27/22,10:35:30 PM,1646030130,0,1.6338,10.032
2/27/22,10:40:30 PM,1646030430,0,1.6403,10.037
2/27/22,10:45:30 PM,1646030730,0,1.6409,10.041
2/27/22,10:50:30 PM,1646031030,0,1.6338,10.046
2/27/22,10:55:30 PM,1646031330,0,1.6339,10.049
2/27/22,11:00:30 PM,1646031630,0,1.6429,10.052
2/27/22,11:05:30 PM,1646031930,0,1.6343,10.056
2/27/22,11:10:30 PM,1646032230,0,1.6299,10.059
2/27/22,11:15:30 PM,1646032530,0,1.6191,10.061
2/27/22,11:20:30 PM,1646032830,0,1.6176,10.063
2/27/22,11:25:30 PM,1646033130,0,1.6249,10.064
2/27/22,11:30:30 PM,1646033430,0,1.6221,10.065
2/27/22,11:35:30 PM,1646033730,0,1.6168,10.067
2/27/22,11:40:30 PM,1646034030,0,1.6179,10.068
2/27/22,11:45:30 PM,1646034330,0,1.618,10.07
2/27/22,11:50:30 PM,1646034630,0,1.6155,10.07
2/27/22,11:55:30 PM,1646034930,0,1.6058,10.072
2/28/22,12:00:30 AM,1646035230,0,1.599,10.073
2/28/22,12:05:30 AM,1646035530,0,1.6023,10.071
2/28/22,12:10:30 AM,1646035830,0,1.595,10.072
2/28/22,12:15:30 AM,1646036130,0,1.5862,10.073
2/28/22,12:20:30 AM,1646036430,0,1.5928,10.073
2/28/22,12:25:30 AM,1646036730,0,1.579,10.074
2/28/22,12:30:30 AM,1646037030,0,1.5776,10.074
2/28/22,12:35:30 AM,1646037330,0,1.5784,10.074
2/28/22,12:40:30 AM,1646037630,0,1.5684,10.073
2/28/22,12:45:30 AM,1646037930,0,1.5573,10.073
2/28/22,12:50:30 AM,1646038230,0,1.5563,10.074
2/28/22,12:55:30 AM,1646038530,0,1.5474,10.073
2/28/22,1:00:30 AM,1646038830,0,1.5424,10.073
2/28/22,1:05:30 AM,1646039130,0,1.5372,10.072
2/28/22,1:10:30 AM,1646039430,0,1.53,10.072
2/28/22,1:15:30 AM,1646039730,0,1.527,10.07
2/28/22,1:20:30 AM,1646040030,0,1.5191,10.07
2/28/22,1:25:30 AM,1646040330,0,1.5168,10.07
2/28/22,1:30:30 AM,1646040630,0,1.508,10.071
2/28/22,1:35:30 AM,1646040930,0,1.504,10.07
2/28/22,1:40:30 AM,1646041230,0,1.5057,10.069
2/28/22,1:45:30 AM,1646041530,0,1.504,10.069
2/28/22,1:50:30 AM,1646041830,0,1.4967,10.068
2/28/22,1:55:30 AM,1646042130,0,1.4865,10.069
2/28/22,2:00:30 AM,1646042430,0,1.4847,10.068
2/28/22,2:05:30 AM,1646042730,0,1.4879,10.069
2/28/22,2:10:30 AM,1646043030,0,1.4783,10.067
2/28/22,2:15:30 AM,1646043330,0,1.4745,10.068
2/28/22,2:20:30 AM,1646043630,0,1.4721,10.068
2/28/22,2:25:30 AM,1646043930,0,1.4657,10.067
2/28/22,2:30:30 AM,1646044230,0,1.4607,10.066
2/28/22,2:35:30 AM,1646044530,0,1.4545,10.066
2/28/22,2:40:30 AM,1646044830,0,1.4536,10.065
2/28/22,2:45:30 AM,1646045130,0,1.4516,10.065
2/28/22,2:50:30 AM,1646045430,0,1.4465,10.064
2/28/22,2:55:30 AM,1646045730,0,1.4435,10.064
2/28/22,3:00:30 AM,1646046030,0,1.4395,10.064
2/28/22,3:05:30 AM,1646046330,0,1.4367,10.062
2/28/22,3:10:30 AM,1646046630,0,1.4342,10.062
2/28/22,3:15:30 AM,1646046930,0,1.4314,10.062
2/28/22,3:20:30 AM,1646047230,0,1.4277,10.062
2/28/22,3:25:30 AM,1646047530,0,1.4256,10.062
2/28/22,3:30:30 AM,1646047830,0,1.4214,10.061
2/28/22,3:35:30 AM,1646048130,0,1.4189,10.061
2/28/22,3:40:30 AM,1646048430,0,1.4185,10.06
2/28/22,3:45:30 AM,1646048730,0,1.417,10.061
2/28/22,3:50:30 AM,1646049030,0,1.4181,10.06
2/28/22,3:55:30 AM,1646049330,0,1.4183,10.061
2/28/22,4:00:30 AM,1646049630,0,1.4194,10.061
2/28/22,4:05:30 AM,1646049930,0,1.4234,10.061
2/28/22,4:10:30 AM,1646050230,0,1.4178,10.061
2/28/22,4:15:30 AM,1646050530,0,1.4171,10.061
2/28/22,4:20:30 AM,1646050830,0,1.4183,10.062
2/28/22,4:25:30 AM,1646051130,0,1.4266,10.062
2/28/22,4:30:30 AM,1646051430,0,1.4288,10.064
2/28/22,4:35:30 AM,1646051730,0,1.4319,10.064
2/28/22,4:40:30 AM,1646052030,0,1.4385,10.066
2/28/22,4:45:30 AM,1646052330,0,1.444,10.067
2/28/22,4:50:30 AM,1646052630,0,1.4423,10.068
2/28/22,4:55:30 AM,1646052930,0,1.4549,10.069
2/28/22,5:00:30 AM,1646053230,0,1.4617,10.07
2/28/22,5:05:30 AM,1646053530,0,1.4715,10.073
2/28/22,5:10:30 AM,1646053830,0,1.4852,10.074
2/28/22,5:15:30 AM,1646054130,0,1.4988,10.077
2/28/22,5:20:30 AM,1646054430,0,1.5093,10.081
2/28/22,5:25:30 AM,1646054730,0,1.5171,10.082
2/28/22,5:30:30 AM,1646055030,0,1.5271,10.085
2/28/22,5:35:30 AM,1646055330,0,1.5447,10.087
2/28/22,5:40:30 AM,1646055630,0,1.5563,10.091
2/28/22,5:45:30 AM,1646055930,0,1.5592,10.093
2/28/22,5:50:30 AM,1646056230,0,1.5754,10.098
2/28/22,5:55:30 AM,1646056530,0,1.5848,10.102
2/28/22,6:00:30 AM,1646056830,0,1.5935,10.104
2/28/22,6:05:30 AM,1646057130,0,1.6091,10.107
2/28/22,6:10:30 AM,1646057430,0,1.6072,10.112
2/28/22,6:15:30 AM,1646057730,0,1.6246,10.116
2/28/22,6:20:30 AM,1646058030,0,1.6359,10.121
2/28/22,6:25:30 AM,1646058330,0,1.6486,10.125
2/28/22,6:30:30 AM,1646058630,0,1.6781,10.131
2/28/22,6:35:30 AM,1646058930,0,1.6761,10.137
2/28/22,6:40:30 AM,1646059230,0,1.6985,10.142
2/28/22,6:45:30 AM,1646059530,0,1.7141,10.148
2/28/22,6:50:30 AM,1646059830,0,1.7142,10.155
2/28/22,6:55:30 AM,1646060130,0,1.7249,10.16
2/28/22,7:00:30 AM,1646060430,0,1.7601,10.168
2/28/22,7:05:30 AM,1646060730,0,1.7633,10.175
2/28/22,7:10:30 AM,1646061030,0,1.7786,10.181
2/28/22,7:15:30 AM,1646061330,0,1.8235,10.19
2/28/22,7:20:30 AM,1646061630,0,1.8598,10.198
2/28/22,7:25:30 AM,1646061930,0,1.8701,10.206
2/28/22,7:30:30 AM,1646062230,0,1.8924,10.213
2/28/22,7:35:30 AM,1646062530,0,1.9578,10.221
2/28/22,7:40:30 AM,1646062830,0,1.9555,10.227
2/28/22,7:45:30 AM,1646063130,0,1.9912,10.232
2/28/22,7:50:30 AM,1646063430,0,1.9836,10.237
2/28/22,7:55:30 AM,1646063730,0,2.0071,10.241
2/28/22,8:00:30 AM,1646064030,0,2.0251,10.244
2/28/22,8:05:30 AM,1646064330,0,2.0583,10.247
2/28/22,8:10:30 AM,1646064630,0,2.1042,10.247
2/28/22,8:15:30 AM,1646064930,0,2.1201,10.244
2/28/22,8:20:30 AM,1646065230,0,2.1011,10.24
2/28/22,8:25:30 AM,1646065530,0,2.1781,10.235
2/28/22,8:30:30 AM,1646065830,0,2.1416,10.227
2/28/22,8:35:30 AM,1646066130,0,2.1437,10.221
2/28/22,8:40:30 AM,1646066430,0,2.1589,10.216
2/28/22,8:45:30 AM,1646066730,0,2.2324,10.21
2/28/22,8:50:30 AM,1646067030,0,2.2304,10.202
2/28/22,8:55:30 AM,1646067330,0,2.2092,10.193
2/28/22,9:00:30 AM,1646067630,0,2.2222,10.186
2/28/22,9:05:30 AM,1646067930,0,2.2241,10.179
2/28/22,9:10:30 AM,1646068230,0,2.2035,10.17
2/28/22,9:15:30 AM,1646068530,0,2.2328,10.162
2/28/22,9:20:30 AM,1646068830,0,2.1948,10.153
2/28/22,9:25:30 AM,1646069130,0,2.1778,10.145
2/28/22,9:30:30 AM,1646069430,0,2.1446,10.139
2/28/22,9:35:30 AM,1646069730,0,2.133,10.132
2/28/22,9:40:30 AM,1646070030,0,2.1102,10.126
2/28/22,9:45:30 AM,1646070330,0,2.1027,10.121
2/28/22,9:50:30 AM,1646070630,0,2.1048,10.116
2/28/22,9:55:30 AM,1646070930,0,2.1189,10.111
2/28/22,10:00:30 AM,1646071230,0,2.073,10.107
2/28/22,10:05:30 AM,1646071530,0,2.0546,10.102
2/28/22,10:10:30 AM,1646071830,0,2.052,10.097
2/28/22,10:15:30 AM,1646072130,0,2.0285,10.091
2/28/22,10:20:30 AM,1646072430,0,2.0438,10.086
2/28/22,10:25:30 AM,1646072730,0,2.0099,10.08
2/28/22,10:30:30 AM,1646073030,0,2.0055,10.075
2/28/22,10:35:30 AM,1646073330,0,1.9934,10.068
2/28/22,10:40:30 AM,1646073630,0,1.9794,10.062
2/28/22,10:45:30 AM,1646073930,0,1.9808,10.057
2/28/22,10:50:30 AM,1646074230,0,1.9564,10.051
2/28/22,10:55:30 AM,1646074530,0,1.9425,10.045
2/28/22,11:00:30 AM,1646074830,0,1.9246,10.038
2/28/22,11:05:30 AM,1646075130,0,1.9205,10.031
2/28/22,11:10:30 AM,1646075430,0,1.9043,10.023
2/28/22,11:15:30 AM,1646075730,0,1.8904,10.017
2/28/22,11:20:30 AM,1646076030,0,1.879,10.009
2/28/22,11:25:30 AM,1646076330,0,1.8653,10.002
2/28/22,11:30:30 AM,1646076630,0,1.8548,9.997
2/28/22,11:35:30 AM,1646076930,0,1.8479,9.987
2/28/22,11:40:30 AM,1646077230,0,1.8357,9.981
2/28/22,11:45:30 AM,1646077530,0,1.8211,9.974
2/28/22,11:50:30 AM,1646077830,0,1.8074,9.967
2/28/22,11:55:30 AM,1646078130,0,1.798,9.96
2/28/22,12:00:30 PM,1646078430,0,1.7811,9.953
2/28/22,12:05:30 PM,1646078730,0,1.7692,9.945
2/28/22,12:10:30 PM,1646079030,0,1.7562,9.939
2/28/22,12:15:30 PM,1646079330,0,1.7476,9.932
2/28/22,12:20:30 PM,1646079630,0,1.7362,9.926
2/28/22,12:25:30 PM,1646079930,0,1.7293,9.92
2/28/22,12:30:30 PM,1646080230,0,1.716,9.914
2/28/22,12:35:30 PM,1646080530,0,1.7032,9.908
2/28/22,12:40:30 PM,1646080830,0,1.6928,9.902
2/28/22,12:45:30 PM,1646081130,0,1.6833,9.897
2/28/22,12:50:30 PM,1646081430,0,1.6722,9.893
2/28/22,12:55:30 PM,1646081730,0,1.6601,9.887
2/28/22,1:00:30 PM,1646082030,0,1.6488,9.883
2/28/22,1:05:30 PM,1646082330,0,1.6381,9.878
2/28/22,1:10:30 PM,1646082630,0,1.6271,9.873
2/28/22,1:15:30 PM,1646082930,0,1.617,9.869
2/28/22,1:20:30 PM,1646083230,0,1.606,9.865
2/28/22,1:25:30 PM,1646083530,0,1.5967,9.862
2/28/22,1:30:30 PM,1646083830,0,1.588,9.856
2/28/22,1:35:30 PM,1646084130,0,1.5787,9.853
2/28/22,1:40:30 PM,1646084430,0,1.5707,9.85
2/28/22,1:45:30 PM,1646084730,0,1.5609,9.847
2/28/22,1:50:30 PM,1646085030,0,1.5521,9.844
2/28/22,1:55:30 PM,1646085330,0,1.5445,9.841
2/28/22,2:00:30 PM,1646085630,0,1.5363,9.839
2/28/22,2:05:30 PM,1646085930,0,1.5294,9.836
2/28/22,2:10:30 PM,1646086230,0,1.5211,9.834
2/28/22,2:15:30 PM,1646086530,0,1.5128,9.832
2/28/22,2:20:30 PM,1646086830,0,1.5049,9.83
2/28/22,2:25:30 PM,1646087130,0,1.4972,9.829
2/28/22,2:30:30 PM,1646087430,0,1.4892,9.827
2/28/22,2:35:30 PM,1646087730,0,1.4819,9.825
2/28/22,2:40:30 PM,1646088030,0,1.4755,9.823
2/28/22,2:45:30 PM,1646088330,0,1.4685,9.822
2/28/22,2:50:30 PM,1646088630,0,1.4611,9.82
2/28/22,2:55:30 PM,1646088930,0,1.4551,9.819
2/28/22,3:00:30 PM,1646089230,0,1.4475,9.818
2/28/22,3:05:30 PM,1646089530,0,1.4416,9.818
2/28/22,3:10:30 PM,1646089830,0,1.4359,9.816
2/28/22,3:15:30 PM,1646090130,0,1.4296,9.816
2/28/22,3:20:30 PM,1646090430,0,1.4232,9.815
2/28/22,3:25:30 PM,1646090730,0,1.4174,9.813
2/28/22,3:30:30 PM,1646091030,0,1.4105,9.813
2/28/22,3:35:30 PM,1646091330,0,1.4045,9.812
2/28/22,3:40:30 PM,1646091630,0,1.398,9.811
2/28/22,3:45:30 PM,1646091930,0,1.3913,9.81
2/28/22,3:50:30 PM,1646092230,0,1.3856,9.809
2/28/22,3:55:30 PM,1646092530,0,1.3801,9.81
2/28/22,4:00:30 PM,1646092830,0,1.3747,9.808
2/28/22,4:05:30 PM,1646093130,0,1.3682,9.807
2/28/22,4:10:30 PM,1646093430,0,0.738,9.809
2/28/22,4:15:30 PM,1646093730,0,0.8566,14.42
2/28/22,4:20:30 PM,1646094030,0,0.8896,17.084
2/28/22,4:25:30 PM,1646094330,0,0.8826,18.173
2/28/22,4:30:30 PM,1646094630,0,0.9277,18.461
2/28/22,4:35:30 PM,1646094930,0,0.9306,16.845
2/28/22,4:40:30 PM,1646095230,0,0.9262,17.507
2/28/22,4:45:30 PM,1646095530,0,0.9242,18.186
2/28/22,4:50:30 PM,1646095830,0,0.923,18.666
2/28/22,4:55:30 PM,1646096130,0,0.9226,19.025
2/28/22,5:00:30 PM,1646096430,0,0.9223,19.3
2/28/22,5:05:30 PM,1646096730,0,0.9225,19.517
2/28/22,5:10:30 PM,1646097030,0,0.923,19.692
2/28/22,5:15:30 PM,1646097330,0,0.9235,19.834
2/28/22,5:20:30 PM,1646097630,0,0.9242,19.952
2/28/22,5:25:30 PM,1646097930,0,0.9244,20.051
2/28/22,5:30:30 PM,1646098230,0,0.9246,20.134
2/28/22,5:35:30 PM,1646098530,0,0.9245,20.211
2/28/22,5:40:30 PM,1646098830,0,0.9244,20.274
2/28/22,5:45:30 PM,1646099130,0,0.9248,20.325
2/28/22,5:50:30 PM,1646099430,0,0.9252,20.364
2/28/22,5:55:30 PM,1646099730,0,0.9263,20.396
2/28/22,6:00:30 PM,1646100030,0,0.9276,20.414
2/28/22,6:05:30 PM,1646100330,0,0.9274,20.423
2/28/22,6:10:30 PM,1646100630,0,0.9275,20.425
2/28/22,6:15:30 PM,1646100930,0,0.9283,20.428
2/28/22,6:20:30 PM,1646101230,0,0.9287,20.423
2/28/22,6:25:30 PM,1646101530,0,0.9291,20.366
2/28/22,6:30:30 PM,1646101830,0,0.9297,20.356
2/28/22,6:35:30 PM,1646102130,0,0.9298,20.359
2/28/22,6:40:30 PM,1646102430,0,0.9296,20.36
2/28/22,6:45:30 PM,1646102730,0,0.9294,20.366
2/28/22,6:50:30 PM,1646103030,0,0.9298,20.375
2/28/22,6:55:30 PM,1646103330,0,0.931,20.384
2/28/22,7:00:30 PM,1646103630,0,0.9312,20.39
2/28/22,7:05:30 PM,1646103930,0,0.9317,20.396
2/28/22,7:10:30 PM,1646104230,0,0.9313,20.403
2/28/22,7:15:30 PM,1646104530,0,0.9317,20.411
2/28/22,7:20:30 PM,1646104830,0,0.932,20.421
2/28/22,7:25:30 PM,1646105130,0,0.9323,20.429
2/28/22,7:30:30 PM,1646105430,0,0.932,20.439
2/28/22,7:35:30 PM,1646105730,0,0.9318,20.447
2/28/22,7:40:30 PM,1646106030,0,0.9317,20.454
2/28/22,7:45:30 PM,1646106330,0,0.9322,20.46
2/28/22,7:50:30 PM,1646106630,0,0.9327,20.464
2/28/22,7:55:30 PM,1646106930,0,0.9334,20.464
2/28/22,8:00:30 PM,1646107230,0,0.9334,20.46
2/28/22,8:05:30 PM,1646107530,0,0.9346,20.454
2/28/22,8:10:30 PM,1646107830,0,0.9346,20.444
2/28/22,8:15:30 PM,1646108130,0,0.9346,20.433
2/28/22,8:20:30 PM,1646108430,0,0.9339,20.426
2/28/22,8:25:30 PM,1646108730,0,0.9336,20.418
2/28/22,8:30:30 PM,1646109030,0,0.9339,20.402
2/28/22,8:35:30 PM,1646109330,0,0.934,20.388
2/28/22,8:40:30 PM,1646109630,0,0.9349,20.373
2/28/22,8:45:30 PM,1646109930,0,0.9353,20.357
2/28/22,8:50:30 PM,1646110230,0,0.9359,20.343
2/28/22,8:55:30 PM,1646110530,0,0.937,20.883